Workbook
Name BoxPlot: "BoxPlot"
Name Bubble: "Bubble"
Name Candlestick: "Candlestick"
Name Chart: "Chart"
Name ChartImage: "ChartImage"
Name ColumnRange: "ColumnRange"
Name Dumbbell: "Dumbbell"
Name Heatmap: "Heatmap"
Name Histogram: "Histogram"
Name Map: "Map"
Name OHLC: "OHLC"
Name PieChart: "PieChart"
Name Scatter: "Scatter"
Name Series: "Series"
Name Stripe: "Stripe"
Name Table: "Table"
Name TreeMap: "TreeMap"
Name Waterfall: "Waterfall"

Sheet Figure_6B_6D
A1: 1 | B1: 2 | C1: 3 | D1: 4 | E1: 5 | F1: 6 | G1: 7 | H1: 8 | I1: 9 | J1: 10 | K1: 11 | L1: 12 | M1: 13 | AO1: 6 | AR1: 2 | AY1: 2
A2: Variables -> | B2: =Results_from_model!N2 -> EM_Model_HumanCapital_epsiig___yd | C2: =Results_from_model!O2 -> EM_Model_HumanCapital_epsicge___yd | D2: =Results_from_model!P2 -> EM_Model_HumanCapital_epsiigeff30y___yd | E2: =Results_from_model!Q2 -> EM_Model_HumanCapital_epsicgeeff30y___yd | F2: =Results_from_model!R2 -> EM_Model_HumanCapital_epsiigeff25y___yd | G2: =Results_from_model!S2 -> EM_Model_HumanCapital_epsicgeeff25y___yd | H2: =Results_from_model!T2 -> EM_Model_HumanCapital_epsiiglow___yd | I2: =Results_from_model!U2 -> EM_Model_HumanCapital_epsicgelow___yd | J2: EM_Model_HumanCapital_epsiigeff15ylow___yd | K2: EM_Model_HumanCapital_epsicgeeff15ylow___yd | L2: =Results_from_model!X2 -> EM_Model_HumanCapital_epsiigeff25ylow___yd | M2: =Results_from_model!Y2 -> EM_Model_HumanCapital_epsicgeeff25ylow___yd | AO2: EM_Model_HumanCapital_epsiigeff25y___yd | AR2: EM_Model_HumanCapital_epsiig___yd | AY2: EM_Model_HumanCapital_epsiig___yd
A3: Comments ->
A4: Class[Size] -> | B4: Series[201-by-1] | C4: Series[201-by-1] | D4: Series[201-by-1] | E4: Series[201-by-1] | F4: Series[201-by-1] | G4: Series[201-by-1] | AO4: Series[201-by-1] | AR4: Series[201-by-1] | AY4: Series[201-by-1]
AN5: 0 | AQ5: 0 | AT5: 0 | AU5: 0 | AV5: 0 | AX5: 0
AN6: 0.058637732 | AQ6: -0.74619317 | AT6: 0.058637732 | AU6: 0.058637732 | AV6: 0.81577395 | AX6: 0.17262544
AN7: -0.45513589 | AQ7: -0.26584627 | AT7: -0.45513589 | AU7: -0.45513589 | AV7: -0.38340155 | AX7: 0.36843255
AN8: -0.39125716 | AQ8: -0.17377025 | AT8: -0.39125716 | AU8: -0.39125716 | AV8: -0.37922812 | AX8: 0.27752516
A9: 1Q4 | B9: =Results_from_model!N9 -> -0.063 | C9: =Results_from_model!O9 -> 0.177 | D9: =Results_from_model!P9 -> -0.457 | E9: =Results_from_model!Q9 -> 0.409 | F9: =Results_from_model!R9 -> -0.299 | G9: =Results_from_model!S9 -> 0.341 | H9: =Results_from_model!T9 -> -0.063 | I9: =Results_from_model!U9 -> 0.177 | ... M9: =Results_from_model!Y9 -> 0.366 | AN9: -0.29858589 | AO9: -0.299 | AQ9: -0.062858632 | AR9: -0.063 | AT9: -0.29858589 | AU9: -0.29858589 | AV9: -0.3507807 | AX9: 0.17650826 | AY9: -0.063
A10: 2Q1 | B10: =Results_from_model!N10 -> 0.052 | C10: =Results_from_model!O10 -> 0.082 | D10: =Results_from_model!P10 -> -0.356 | E10: =Results_from_model!Q10 -> 0.294 | F10: =Results_from_model!R10 -> -0.195 | G10: =Results_from_model!S10 -> 0.234 | H10: =Results_from_model!T10 -> 0.052 | I10: =Results_from_model!U10 -> 0.082 | ... M10: =Results_from_model!Y10 -> 0.256 | AN10: -0.1947674 | AO10: -0.195 | AQ10: 0.052203546 | AR10: 0.052 | AT10: -0.1947674 | AU10: -0.1947674 | AV10: -0.31180386 | AX10: 0.082186733 | AY10: 0.052
A11: 2Q2 | B11: =Results_from_model!N11 -> 0.166 | C11: =Results_from_model!O11 -> 0 | D11: =Results_from_model!P11 -> -0.246 | E11: =Results_from_model!Q11 -> 0.189 | F11: =Results_from_model!R11 -> -0.086 | G11: =Results_from_model!S11 -> 0.137 | H11: =Results_from_model!T11 -> 0.166 | I11: =Results_from_model!U11 -> 0 | ... M11: =Results_from_model!Y11 -> 0.157 | AN11: -0.086050326 | AO11: -0.086 | AQ11: 0.1664244 | AR11: 0.166 | AT11: -0.086050326 | AU11: -0.086050326 | AV11: -0.26725868 | AX11: -0.00016906579 | AY11: 0.166
A12: 2Q3 | B12: =Results_from_model!N12 -> 0.278 | C12: =Results_from_model!O12 -> -0.069 | D12: =Results_from_model!P12 -> -0.13 | E12: =Results_from_model!Q12 -> 0.096 | F12: =Results_from_model!R12 -> 0.025 | G12: =Results_from_model!S12 -> 0.053 | H12: =Results_from_model!T12 -> 0.278 | I12: =Results_from_model!U12 -> -0.069 | ... M12: =Results_from_model!Y12 -> 0.071 | AN12: 0.025309667 | AO12: 0.025 | AQ12: 0.27815626 | AR12: 0.278 | AT12: 0.025309667 | AU12: 0.025309667 | AV12: -0.21897394 | AX12: -0.069314085 | AY12: 0.278
A13: 2Q4 | B13: =Results_from_model!N13 -> 0.387 | C13: =Results_from_model!O13 -> -0.125 | D13: =Results_from_model!P13 -> -0.01 | E13: =Results_from_model!Q13 -> 0.016 | F13: =Results_from_model!R13 -> 0.138 | G13: =Results_from_model!S13 -> -0.019 | H13: =Results_from_model!T13 -> 0.387 | I13: =Results_from_model!U13 -> -0.125 | ... M13: =Results_from_model!Y13 -> -0.003 | AN13: 0.13845113 | AO13: 0.138 | AQ13: 0.38689786 | AR13: 0.387 | AT13: 0.13845113 | AU13: 0.13845113 | AV13: -0.16766294 | AX13: -0.12539323 | AY13: 0.387
A14: 3Q1 | B14: =Results_from_model!N14 -> 0.493 | C14: =Results_from_model!O14 -> -0.169 | D14: =Results_from_model!P14 -> 0.116 | E14: =Results_from_model!Q14 -> -0.052 | F14: =Results_from_model!R14 -> 0.253 | G14: =Results_from_model!S14 -> -0.078 | H14: =Results_from_model!T14 -> 0.493 | I14: =Results_from_model!U14 -> -0.169 | ... M14: =Results_from_model!Y14 -> -0.065 | R14: Infrastructure investment | S14: Human capital investment | AN14: 0.25300012 | AO14: 0.253 | AQ14: 0.49253816 | AR14: 0.493 | AT14: 0.25300012 | AU14: 0.25300012 | AV14: -0.11364135 | AX14: -0.16901331 | AY14: 0.493
A15: 3Q2 | B15: =Results_from_model!N15 -> 0.595 | C15: =Results_from_model!O15 -> -0.201 | D15: =Results_from_model!P15 -> 0.245 | E15: =Results_from_model!Q15 -> -0.108 | F15: =Results_from_model!R15 -> 0.369 | G15: =Results_from_model!S15 -> -0.125 | H15: =Results_from_model!T15 -> 0.595 | I15: =Results_from_model!U15 -> -0.201 | ... M15: =Results_from_model!Y15 -> -0.114 | P15: 2026 | Q15: 1Q4 | R15: =B9 -> -0.063 | S15: =C9 -> 0.177 | AN15: 0.36875553 | AO15: 0.369 | AQ15: 0.59509751 | AR15: 0.595 | AT15: 0.36875553 | AU15: 0.36875553 | AV15: -0.057082047 | AX15: -0.20091586 | AY15: 0.595
A16: 3Q3 | B16: =Results_from_model!N16 -> 0.695 | C16: =Results_from_model!O16 -> -0.222 | D16: =Results_from_model!P16 -> 0.378 | E16: =Results_from_model!Q16 -> -0.152 | F16: =Results_from_model!R16 -> 0.486 | G16: =Results_from_model!S16 -> -0.16 | H16: =Results_from_model!T16 -> 0.695 | I16: =Results_from_model!U16 -> -0.222 | ... M16: =Results_from_model!Y16 -> -0.153 | P16: 2030 | Q16: 5Q4 | R16: =B25 -> 1.468 | S16: =C25 -> -0.028 | AN16: 0.48558031 | AO16: 0.486 | AQ16: 0.69463949 | AR16: 0.695 | AT16: 0.48558031 | AU16: 0.48558031 | AV16: 0.0018945859 | AX16: -0.22186229 | AY16: 0.695
A17: 3Q4 | B17: =Results_from_model!N17 -> 0.791 | C17: =Results_from_model!O17 -> -0.233 | D17: =Results_from_model!P17 -> 0.514 | E17: =Results_from_model!Q17 -> -0.185 | F17: =Results_from_model!R17 -> 0.603 | G17: =Results_from_model!S17 -> -0.186 | H17: =Results_from_model!T17 -> 0.791 | I17: =Results_from_model!U17 -> -0.233 | ... M17: =Results_from_model!Y17 -> -0.18 | P17: 2040 | Q17: 15Q4 | R17: =B65 -> 3.183 | S17: =C65 -> 3.333 | AN17: 0.60336389 | AO17: 0.603 | AQ17: 0.79124102 | AR17: 0.791 | AT17: 0.60336389 | AU17: 0.60336389 | AV17: 0.063188728 | AX17: -0.23259429 | AY17: 0.791
A18: 4Q1 | B18: =Results_from_model!N18 -> 0.885 | C18: =Results_from_model!O18 -> -0.234 | D18: =Results_from_model!P18 -> 0.653 | E18: =Results_from_model!Q18 -> -0.208 | F18: =Results_from_model!R18 -> 0.722 | G18: =Results_from_model!S18 -> -0.201 | H18: =Results_from_model!T18 -> 0.885 | I18: =Results_from_model!U18 -> -0.234 | ... M18: =Results_from_model!Y18 -> -0.197 | P18: 2050 | Q18: 25Q4 | R18: =B105 -> 3.666 | S18: =C105 -> 5.698 | AN18: 0.72200909 | AO18: 0.722 | AQ18: 0.88498219 | AR18: 0.885 | AT18: 0.72200909 | AU18: 0.72200909 | AV18: 0.12670979 | AX18: -0.23382082 | AY18: 0.885
A19: 4Q2 | B19: =Results_from_model!N19 -> 0.976 | C19: =Results_from_model!O19 -> -0.226 | D19: =Results_from_model!P19 -> 0.795 | E19: =Results_from_model!Q19 -> -0.221 | F19: =Results_from_model!R19 -> 0.841 | G19: =Results_from_model!S19 -> -0.206 | H19: =Results_from_model!T19 -> 0.976 | I19: =Results_from_model!U19 -> -0.226 | ... M19: =Results_from_model!Y19 -> -0.205 | AN19: 0.84142743 | AO19: 0.841 | AQ19: 0.97594285 | AR19: 0.976 | AT19: 0.84142743 | AU19: 0.84142743 | AV19: 0.19237236 | AX19: -0.22621474 | AY19: 0.976
A20: 4Q3 | B20: =Results_from_model!N20 -> 1.064 | C20: =Results_from_model!O20 -> -0.21 | D20: =Results_from_model!P20 -> 0.94 | E20: =Results_from_model!Q20 -> -0.224 | F20: =Results_from_model!R20 -> 0.962 | G20: =Results_from_model!S20 -> -0.203 | H20: =Results_from_model!T20 -> 1.064 | I20: =Results_from_model!U20 -> -0.21 | ... M20: =Results_from_model!Y20 -> -0.204 | AN20: 0.96153719 | AO20: 0.962 | AQ20: 1.0642014 | AR20: 1.064 | AT20: 0.96153719 | AU20: 0.96153719 | AV20: 0.26009466 | AX20: -0.21041271 | AY20: 1.064
A21: 4Q4 | B21: =Results_from_model!N21 -> 1.15 | C21: =Results_from_model!O21 -> -0.187 | D21: =Results_from_model!P21 -> 1.088 | E21: =Results_from_model!Q21 -> -0.219 | F21: =Results_from_model!R21 -> 1.082 | G21: =Results_from_model!S21 -> -0.191 | H21: =Results_from_model!T21 -> 1.15 | I21: =Results_from_model!U21 -> -0.187 | ... M21: =Results_from_model!Y21 -> -0.194 | AN21: 1.0822626 | AO21: 1.082 | AQ21: 1.1498345 | AR21: 1.15 | AT21: 1.0822626 | AU21: 1.0822626 | AV21: 0.32979794 | AX21: -0.18701624 | AY21: 1.15
A22: 5Q1 | B22: =Results_from_model!N22 -> 1.233 | C22: =Results_from_model!O22 -> -0.157 | D22: =Results_from_model!P22 -> 1.238 | E22: =Results_from_model!Q22 -> -0.205 | F22: =Results_from_model!R22 -> 1.204 | G22: =Results_from_model!S22 -> -0.172 | H22: =Results_from_model!T22 -> 1.233 | I22: =Results_from_model!U22 -> -0.157 | ... M22: =Results_from_model!Y22 -> -0.176 | AN22: 1.2035333 | AO22: 1.204 | AQ22: 1.2329167 | AR22: 1.233 | AT22: 1.2035333 | AU22: 1.2035333 | AV22: 0.40140613 | AX22: -0.15659322 | AY22: 1.233
A23: 5Q2 | B23: =Results_from_model!N23 -> 1.314 | C23: =Results_from_model!O23 -> -0.12 | D23: =Results_from_model!P23 -> 1.39 | E23: =Results_from_model!Q23 -> -0.183 | F23: =Results_from_model!R23 -> 1.325 | G23: =Results_from_model!S23 -> -0.145 | H23: =Results_from_model!T23 -> 1.314 | I23: =Results_from_model!U23 -> -0.12 | ... M23: =Results_from_model!Y23 -> -0.151 | AN23: 1.3252839 | AO23: 1.325 | AQ23: 1.3135208 | AR23: 1.314 | AT23: 1.3252839 | AU23: 1.3252839 | AV23: 0.4748456 | AX23: -0.11967946 | AY23: 1.314
A24: 5Q3 | B24: =Results_from_model!N24 -> 1.392 | C24: =Results_from_model!O24 -> -0.077 | D24: =Results_from_model!P24 -> 1.544 | E24: =Results_from_model!Q24 -> -0.153 | F24: =Results_from_model!R24 -> 1.447 | G24: =Results_from_model!S24 -> -0.111 | H24: =Results_from_model!T24 -> 1.392 | I24: =Results_from_model!U24 -> -0.077 | ... M24: =Results_from_model!Y24 -> -0.118 | AN24: 1.4474536 | AO24: 1.447 | AQ24: 1.3917174 | AR24: 1.392 | AT24: 1.4474536 | AU24: 1.4474536 | AV24: 0.55004491 | AX24: -0.076780229 | AY24: 1.392
A25: 5Q4 | B25: =Results_from_model!N25 -> 1.468 | C25: =Results_from_model!O25 -> -0.028 | D25: =Results_from_model!P25 -> 1.7 | E25: =Results_from_model!Q25 -> -0.117 | F25: =Results_from_model!R25 -> 1.57 | G25: =Results_from_model!S25 -> -0.071 | H25: =Results_from_model!T25 -> 1.468 | I25: =Results_from_model!U25 -> -0.028 | ... M25: =Results_from_model!Y25 -> -0.079 | AN25: 1.5699859 | AO25: 1.57 | AQ25: 1.4675754 | AR25: 1.468 | AT25: 1.5699859 | AU25: 1.5699859 | AV25: 0.62693464 | AX25: -0.028371803 | AY25: 1.468
A26: 6Q1 | B26: =Results_from_model!N26 -> 1.541 | C26: =Results_from_model!O26 -> 0.025 | D26: =Results_from_model!P26 -> 1.858 | E26: =Results_from_model!Q26 -> -0.073 | F26: =Results_from_model!R26 -> 1.693 | G26: =Results_from_model!S26 -> -0.024 | H26: =Results_from_model!T26 -> 1.541 | I26: =Results_from_model!U26 -> 0.025 | ... M26: =Results_from_model!Y26 -> -0.034 | AN26: 1.6928283 | AO26: 1.693 | AQ26: 1.5411617 | AR26: 1.541 | AT26: 1.6928283 | AU26: 1.6928283 | AV26: 0.70544709 | AX26: 0.025097116 | AY26: 1.541
A27: 6Q2 | B27: =Results_from_model!N27 -> 1.613 | C27: =Results_from_model!O27 -> 0.083 | D27: =Results_from_model!P27 -> 2.017 | E27: =Results_from_model!Q27 -> -0.023 | F27: =Results_from_model!R27 -> 1.816 | G27: =Results_from_model!S27 -> 0.028 | H27: =Results_from_model!T27 -> 1.613 | I27: =Results_from_model!U27 -> 0.083 | ... M27: =Results_from_model!Y27 -> 0.017 | AN27: 1.8159321 | AO27: 1.816 | AQ27: 1.6125414 | AR27: 1.613 | AT27: 1.8159321 | AU27: 1.8159321 | AV27: 0.78551605 | AX27: 0.083204007 | AY27: 1.613
A28: 6Q3 | B28: =Results_from_model!N28 -> 1.682 | C28: =Results_from_model!O28 -> 0.146 | D28: =Results_from_model!P28 -> 2.178 | E28: =Results_from_model!Q28 -> 0.033 | F28: =Results_from_model!R28 -> 1.939 | G28: =Results_from_model!S28 -> 0.085 | H28: =Results_from_model!T28 -> 1.682 | I28: =Results_from_model!U28 -> 0.146 | ... M28: =Results_from_model!Y28 -> 0.074 | AN28: 1.9392519 | AO28: 1.939 | AQ28: 1.6817776 | AR28: 1.682 | AT28: 1.9392519 | AU28: 1.9392519 | AV28: 0.86707649 | AX28: 0.14555121 | AY28: 1.682
A29: 6Q4 | B29: =Results_from_model!N29 -> 1.749 | C29: =Results_from_model!O29 -> 0.212 | D29: =Results_from_model!P29 -> 2.341 | E29: =Results_from_model!Q29 -> 0.094 | F29: =Results_from_model!R29 -> 2.063 | G29: =Results_from_model!S29 -> 0.147 | H29: =Results_from_model!T29 -> 1.749 | I29: =Results_from_model!U29 -> 0.212 | ... M29: =Results_from_model!Y29 -> 0.136 | AN29: 2.0627457 | AO29: 2.063 | AQ29: 1.748932 | AR29: 1.749 | AT29: 2.0627457 | AU29: 2.0627457 | AV29: 0.95006426 | AX29: 0.21176466 | AY29: 1.749
A30: 7Q1 | B30: =Results_from_model!N30 -> 1.814 | C30: =Results_from_model!O30 -> 0.281 | D30: =Results_from_model!P30 -> 2.504 | E30: =Results_from_model!Q30 -> 0.161 | F30: =Results_from_model!R30 -> 2.186 | G30: =Results_from_model!S30 -> 0.214 | H30: =Results_from_model!T30 -> 1.814 | I30: =Results_from_model!U30 -> 0.281 | ... M30: =Results_from_model!Y30 -> 0.203 | AN30: 2.1863743 | AO30: 2.186 | AQ30: 1.8140644 | AR30: 1.814 | AT30: 2.1863743 | AU30: 2.1863743 | AV30: 1.0344158 | AX30: 0.2814927 | AY30: 1.814
... A43: 10Q2 | B43: =Results_from_model!N43 -> 2.501 | C43: =Results_from_model!O43 -> 1.382 | D43: =Results_from_model!P43 -> 4.714 | E43: =Results_from_model!Q43 -> 1.394 | F43: =Results_from_model!R43 -> 3.792 | G43: =Results_from_model!S43 -> 1.381 | H43: =Results_from_model!T43 -> 2.501 | I43: =Results_from_model!U43 -> 1.382 | ... M43: =Results_from_model!Y43 -> 1.383 | AN43: 3.7923185 | AO43: 3.792 | AQ43: 2.5011896 | AR43: 2.501 | AT43: 3.7923185 | AU43: 3.7923185 | AV43: 2.2260341 | AX43: 1.382034 | AY43: 2.501
A44: 10Q3 | B44: =Results_from_model!N44 -> 2.543 | C44: =Results_from_model!O44 -> 1.474 | D44: =Results_from_model!P44 -> 4.888 | E44: =Results_from_model!Q44 -> 1.508 | F44: =Results_from_model!R44 -> 3.915 | G44: =Results_from_model!S44 -> 1.486 | H44: =Results_from_model!T44 -> 2.543 | I44: =Results_from_model!U44 -> 1.474 | ... M44: =Results_from_model!Y44 -> 1.491 | R44: Infrastructure investment | S44: Human capital investment | AB44: Figure 6D | AN44: 3.9149808 | AO44: 3.915 | AQ44: 2.543451 | AR44: 2.543 | AT44: 3.9149808 | AU44: 3.9149808 | AV44: 2.3232793 | AX44: 1.4741412 | AY44: 2.543
A45: 10Q4 | B45: =Results_from_model!N45 -> 2.584 | C45: =Results_from_model!O45 -> 1.567 | D45: =Results_from_model!P45 -> 5.063 | E45: =Results_from_model!Q45 -> 1.625 | F45: =Results_from_model!R45 -> 4.037 | G45: =Results_from_model!S45 -> 1.592 | H45: =Results_from_model!T45 -> 2.584 | I45: =Results_from_model!U45 -> 1.567 | ... M45: =Results_from_model!Y45 -> 1.599 | O45: 25Q4 | P45: 0.8 | Q45: Initial efficiency: 0.8 (Baseline) | R45: =VLOOKUP($O45,$A:$G,2,FALSE) -> 3.666 | S45: =VLOOKUP($O45,$A:$G,3,FALSE) -> 5.698 | AN45: 4.0374369 | AO45: 4.037 | AQ45: 2.5844139 | AR45: 2.584 | AT45: 4.0374369 | AU45: 4.0374369 | AV45: 2.4218229 | AX45: 1.5665025 | AY45: 2.584
A46: 11Q1 | B46: =Results_from_model!N46 -> 2.624 | C46: =Results_from_model!O46 -> 1.659 | D46: =Results_from_model!P46 -> 5.238 | E46: =Results_from_model!Q46 -> 1.744 | F46: =Results_from_model!R46 -> 4.16 | G46: =Results_from_model!S46 -> 1.699 | H46: =Results_from_model!T46 -> 2.624 | I46: =Results_from_model!U46 -> 1.659 | ... M46: =Results_from_model!Y46 -> 1.709 | O46: 25Q4 | P46: 1 | Q46: Closing gap by 2050 | R46: =VLOOKUP($O46,$A:$G,6,FALSE) -> 10.972 | S46: =VLOOKUP($O46,$A:$G,7,FALSE) -> 7.985 | AN46: 4.1596753 | AO46: 4.16 | AQ46: 2.6241166 | AR46: 2.624 | AT46: 4.1596753 | AU46: 4.1596753 | AV46: 2.5588741 | AX46: 1.658998 | AY46: 2.624
A47: 11Q2 | B47: =Results_from_model!N47 -> 2.663 | C47: =Results_from_model!O47 -> 1.752 | D47: =Results_from_model!P47 -> 5.413 | E47: =Results_from_model!Q47 -> 1.864 | F47: =Results_from_model!R47 -> 4.282 | G47: =Results_from_model!S47 -> 1.808 | H47: =Results_from_model!T47 -> 2.663 | I47: =Results_from_model!U47 -> 1.752 | ... M47: =Results_from_model!Y47 -> 1.821 | O47: 25Q4 | P47: 1 | Q47: Closing gap by 2035 | R47: =VLOOKUP($O47,$A:$G,4,FALSE) -> 13.177 | S47: =VLOOKUP($O47,$A:$G,5,FALSE) -> 9.438 | AN47: 4.2816851 | AO47: 4.282 | AQ47: 2.6625963 | AR47: 2.663 | AT47: 4.2816851 | AU47: 4.2816851 | AV47: 2.702942 | AX47: 1.7515164 | AY47: 2.663
A48: 11Q3 | B48: =Results_from_model!N48 -> 2.7 | C48: =Results_from_model!O48 -> 1.844 | D48: =Results_from_model!P48 -> 5.589 | E48: =Results_from_model!Q48 -> 1.986 | F48: =Results_from_model!R48 -> 4.403 | G48: =Results_from_model!S48 -> 1.917 | H48: =Results_from_model!T48 -> 2.7 | I48: =Results_from_model!U48 -> 1.844 | ... M48: =Results_from_model!Y48 -> 1.933 | R48: =R47-R46 -> 2.205 | AN48: 4.4034566 | AO48: 4.403 | AQ48: 2.6998895 | AR48: 2.7 | AT48: 4.4034566 | AU48: 4.4034566 | AV48: 2.8489663 | AX48: 1.843954 | AY48: 2.7
A49: 11Q4 | B49: =Results_from_model!N49 -> 2.736 | C49: =Results_from_model!O49 -> 1.936 | D49: =Results_from_model!P49 -> 5.766 | E49: =Results_from_model!Q49 -> 2.109 | F49: =Results_from_model!R49 -> 4.525 | G49: =Results_from_model!S49 -> 2.027 | H49: =Results_from_model!T49 -> 2.736 | I49: =Results_from_model!U49 -> 1.936 | ... M49: =Results_from_model!Y49 -> 2.046 | AN49: 4.5249808 | AO49: 4.525 | AQ49: 2.7360312 | AR49: 2.736 | AT49: 4.5249808 | AU49: 4.5249808 | AV49: 2.9954627 | AX49: 1.9362148 | AY49: 2.736
A50: 12Q1 | B50: =Results_from_model!N50 -> 2.771 | C50: =Results_from_model!O50 -> 2.028 | D50: =Results_from_model!P50 -> 5.943 | E50: =Results_from_model!Q50 -> 2.234 | F50: =Results_from_model!R50 -> 4.646 | G50: =Results_from_model!S50 -> 2.138 | H50: =Results_from_model!T50 -> 2.771 | I50: =Results_from_model!U50 -> 2.028 | ... M50: =Results_from_model!Y50 -> 2.161 | R50: Infrastructure investment | S50: Human capital investment | AN50: 4.6462496 | AO50: 4.646 | AQ50: 2.7710559 | AR50: 2.771 | AT50: 4.6462496 | AU50: 4.6462496 | AV50: 3.1419935 | AX50: 2.0282098 | AY50: 2.771
A51: 12Q2 | B51: =Results_from_model!N51 -> 2.805 | C51: =Results_from_model!O51 -> 2.12 | D51: =Results_from_model!P51 -> 6.12 | E51: =Results_from_model!Q51 -> 2.36 | F51: =Results_from_model!R51 -> 4.767 | G51: =Results_from_model!S51 -> 2.25 | H51: =Results_from_model!T51 -> 2.805 | I51: =Results_from_model!U51 -> 2.12 | ... M51: =Results_from_model!Y51 -> 2.276 | O51: 25Q4 | P51: 0.6 | Q51: Initial efficiency: 0.6 | R51: =VLOOKUP($O51,$A:$M,8,FALSE) -> 3.666 | S51: =VLOOKUP($O51,$A:$M,9,FALSE) -> 5.698 | AN51: 4.7672555 | AO51: 4.767 | AQ51: 2.8049968 | AR51: 2.805 | AT51: 4.7672555 | AU51: 4.7672555 | AV51: 3.2884247 | AX51: 2.1198565 | AY51: 2.805
A52: 12Q3 | B52: =Results_from_model!N52 -> 2.838 | C52: =Results_from_model!O52 -> 2.211 | D52: =Results_from_model!P52 -> 6.298 | E52: =Results_from_model!Q52 -> 2.487 | F52: =Results_from_model!R52 -> 4.888 | G52: =Results_from_model!S52 -> 2.362 | H52: =Results_from_model!T52 -> 2.838 | I52: =Results_from_model!U52 -> 2.211 | ... M52: =Results_from_model!Y52 -> 2.391 | O52: 25Q4 | P52: 0.8 | Q52: Closing gap by 2050 | R52: =VLOOKUP($O52,$A:$M,12,FALSE) -> 12.232 | S52: =VLOOKUP($O52,$A:$M,13,FALSE) -> 8.354 | AN52: 4.8879918 | AO52: 4.888 | AQ52: 2.8378863 | AR52: 2.838 | AT52: 4.8879918 | AU52: 4.8879918 | AV52: 3.4347095 | AX52: 2.2110786 | AY52: 2.838
A53: 12Q4 | B53: =Results_from_model!N53 -> 2.87 | C53: =Results_from_model!O53 -> 2.302 | D53: =Results_from_model!P53 -> 6.476 | E53: =Results_from_model!Q53 -> 2.615 | F53: =Results_from_model!R53 -> 5.008 | G53: =Results_from_model!S53 -> 2.474 | H53: =Results_from_model!T53 -> 2.87 | I53: =Results_from_model!U53 -> 2.302 | ... M53: =Results_from_model!Y53 -> 2.508 | O53: 25Q4 | P53: 0.8 | Q53: Closing gap by 2040 | R53: =VLOOKUP($O53,$A:$M,10,FALSE) -> 14.757 | S53: =VLOOKUP($O53,$A:$M,11,FALSE) -> 10.01 | AN53: 5.0084525 | AO53: 5.008 | AQ53: 2.869756 | AR53: 2.87 | AT53: 5.0084525 | AU53: 5.0084525 | AV53: 3.5808257 | AX53: 2.3018058 | AY53: 2.87
A54: 13Q1 | B54: =Results_from_model!N54 -> 2.901 | C54: =Results_from_model!O54 -> 2.392 | D54: =Results_from_model!P54 -> 6.655 | E54: =Results_from_model!Q54 -> 2.744 | F54: =Results_from_model!R54 -> 5.129 | G54: =Results_from_model!S54 -> 2.587 | H54: =Results_from_model!T54 -> 2.901 | I54: =Results_from_model!U54 -> 2.392 | ... M54: =Results_from_model!Y54 -> 2.624 | Q54: boost: | R54: =R53-R52 -> 2.525 | S54: =S53-S52 -> 1.656 | AN54: 5.1286322 | AO54: 5.129 | AQ54: 2.9006364 | AR54: 2.901 | AT54: 5.1286322 | AU54: 5.1286322 | AV54: 3.7267584 | AX54: 2.3919728 | AY54: 2.901
A55: 13Q2 | B55: =Results_from_model!N55 -> 2.931 | C55: =Results_from_model!O55 -> 2.482 | D55: =Results_from_model!P55 -> 6.834 | E55: =Results_from_model!Q55 -> 2.873 | F55: =Results_from_model!R55 -> 5.249 | G55: =Results_from_model!S55 -> 2.7 | H55: =Results_from_model!T55 -> 2.931 | I55: =Results_from_model!U55 -> 2.482 | ... M55: =Results_from_model!Y55 -> 2.742 | AN55: 5.2485262 | AO55: 5.249 | AQ55: 2.9305573 | AR55: 2.931 | AT55: 5.2485262 | AU55: 5.2485262 | AV55: 3.8724949 | AX55: 2.48152 | AY55: 2.931
A56: 13Q3 | B56: =Results_from_model!N56 -> 2.96 | C56: =Results_from_model!O56 -> 2.57 | D56: =Results_from_model!P56 -> 7.015 | E56: =Results_from_model!Q56 -> 3.004 | F56: =Results_from_model!R56 -> 5.368 | G56: =Results_from_model!S56 -> 2.814 | H56: =Results_from_model!T56 -> 2.96 | I56: =Results_from_model!U56 -> 2.57 | ... M56: =Results_from_model!Y56 -> 2.859 | AN56: 5.3681304 | AO56: 5.368 | AQ56: 2.9595477 | AR56: 2.96 | AT56: 5.3681304 | AU56: 5.3681304 | AV56: 4.0180235 | AX56: 2.5703921 | AY56: 2.96
A57: 13Q4 | B57: =Results_from_model!N57 -> 2.988 | C57: =Results_from_model!O57 -> 2.659 | D57: =Results_from_model!P57 -> 7.195 | E57: =Results_from_model!Q57 -> 3.135 | F57: =Results_from_model!R57 -> 5.487 | G57: =Results_from_model!S57 -> 2.927 | H57: =Results_from_model!T57 -> 2.988 | I57: =Results_from_model!U57 -> 2.659 | ... M57: =Results_from_model!Y57 -> 2.977 | Q57: Infrastructure investment | R57: Closing the gap in the baseline | S57: Efficiency improvement from a higher initial gap | AN57: 5.4874412 | AO57: 5.487 | AQ57: 2.9876355 | AR57: 2.988 | AT57: 5.4874412 | AU57: 5.4874412 | AV57: 4.1633336 | AX57: 2.6585386 | AY57: 2.988
A58: 14Q1 | B58: =Results_from_model!N58 -> 3.015 | C58: =Results_from_model!O58 -> 2.746 | D58: =Results_from_model!P58 -> 7.377 | E58: =Results_from_model!Q58 -> 3.267 | F58: =Results_from_model!R58 -> 5.606 | G58: =Results_from_model!S58 -> 3.041 | H58: =Results_from_model!T58 -> 3.015 | I58: =Results_from_model!U58 -> 2.746 | ... M58: =Results_from_model!Y58 -> 3.095 | Q58: Efficiency improvement by 2050 | R58: =R46-R45 -> 7.306 | S58: =R52-R51 -> 8.566 | AN58: 5.6064556 | AO58: 5.606 | AQ58: 3.014848 | AR58: 3.015 | AT58: 5.6064556 | AU58: 5.6064556 | AV58: 4.308415 | AX58: 2.7459132 | AY58: 3.015
A59: 14Q2 | B59: =Results_from_model!N59 -> 3.041 | C59: =Results_from_model!O59 -> 2.832 | D59: =Results_from_model!P59 -> 7.56 | E59: =Results_from_model!Q59 -> 3.399 | F59: =Results_from_model!R59 -> 5.725 | G59: =Results_from_model!S59 -> 3.155 | H59: =Results_from_model!T59 -> 3.041 | I59: =Results_from_model!U59 -> 2.832 | ... M59: =Results_from_model!Y59 -> 3.214 | Q59: Faster efficiency improvement by 2040 | R59: =R47-R45 -> 9.511 | S59: =R53-R51 -> 11.091 | AN59: 5.7251712 | AO59: 5.725 | AQ59: 3.0412118 | AR59: 3.041 | AT59: 5.7251712 | AU59: 5.7251712 | AV59: 4.4532588 | AX59: 2.8324735 | AY59: 3.041
A60: 14Q3 | B60: =Results_from_model!N60 -> 3.067 | C60: =Results_from_model!O60 -> 2.918 | D60: =Results_from_model!P60 -> 7.744 | E60: =Results_from_model!Q60 -> 3.532 | F60: =Results_from_model!R60 -> 5.844 | G60: =Results_from_model!S60 -> 3.268 | H60: =Results_from_model!T60 -> 3.067 | I60: =Results_from_model!U60 -> 2.918 | ... M60: =Results_from_model!Y60 -> 3.332 | AN60: 5.8435861 | AO60: 5.844 | AQ60: 3.0667527 | AR60: 3.067 | AT60: 5.8435861 | AU60: 5.8435861 | AV60: 4.5978566 | AX60: 2.9181809 | AY60: 3.067
A61: 14Q4 | B61: =Results_from_model!N61 -> 3.091 | C61: =Results_from_model!O61 -> 3.003 | D61: =Results_from_model!P61 -> 7.93 | E61: =Results_from_model!Q61 -> 3.666 | F61: =Results_from_model!R61 -> 5.962 | G61: =Results_from_model!S61 -> 3.382 | H61: =Results_from_model!T61 -> 3.091 | I61: =Results_from_model!U61 -> 3.003 | ... M61: =Results_from_model!Y61 -> 3.451 | AN61: 5.9616989 | AO61: 5.962 | AQ61: 3.0914956 | AR61: 3.091 | AT61: 5.9616989 | AU61: 5.9616989 | AV61: 4.7422009 | AX61: 3.0030003 | AY61: 3.091
A62: 15Q1 | B62: =Results_from_model!N62 -> 3.115 | C62: =Results_from_model!O62 -> 3.087 | D62: =Results_from_model!P62 -> 8.117 | E62: =Results_from_model!Q62 -> 3.8 | F62: =Results_from_model!R62 -> 6.08 | G62: =Results_from_model!S62 -> 3.496 | H62: =Results_from_model!T62 -> 3.115 | I62: =Results_from_model!U62 -> 3.087 | ... M62: =Results_from_model!Y62 -> 3.569 | Q62: Human capital investment | R62: Closing the gap in the baseline | S62: Efficiency improvement from a higher initial gap | AN62: 6.0795088 | AO62: 6.08 | AQ62: 3.1154648 | AR62: 3.115 | AT62: 6.0795088 | AU62: 6.0795088 | AV62: 4.8862854 | AX62: 3.0868998 | AY62: 3.115
A63: 15Q2 | B63: =Results_from_model!N63 -> 3.139 | C63: =Results_from_model!O63 -> 3.17 | D63: =Results_from_model!P63 -> 8.306 | E63: =Results_from_model!Q63 -> 3.934 | F63: =Results_from_model!R63 -> 6.197 | G63: =Results_from_model!S63 -> 3.609 | H63: =Results_from_model!T63 -> 3.139 | I63: =Results_from_model!U63 -> 3.17 | ... M63: =Results_from_model!Y63 -> 3.688 | Q63: Efficiency improvement by 2050 | R63: =S46-S45 -> 2.287 | S63: =S52-S51 -> 2.656 | AN63: 6.1970153 | AO63: 6.197 | AQ63: 3.1386839 | AR63: 3.139 | AT63: 6.1970153 | AU63: 6.1970153 | AV63: 5.0301044 | AX63: 3.1698507 | AY63: 3.139
A64: 15Q3 | B64: =Results_from_model!N64 -> 3.161 | C64: =Results_from_model!O64 -> 3.252 | D64: =Results_from_model!P64 -> 8.497 | E64: =Results_from_model!Q64 -> 4.068 | F64: =Results_from_model!R64 -> 6.314 | G64: =Results_from_model!S64 -> 3.722 | H64: =Results_from_model!T64 -> 3.161 | I64: =Results_from_model!U64 -> 3.252 | ... M64: =Results_from_model!Y64 -> 3.807 | Q64: Faster efficiency improvement by 2040 | R64: =S47-S45 -> 3.74 | S64: =S53-S51 -> 4.312 | AN64: 6.3142186 | AO64: 6.314 | AQ64: 3.1611758 | AR64: 3.161 | AT64: 6.3142186 | AU64: 6.3142186 | AV64: 5.1736531 | AX64: 3.2518273 | AY64: 3.161
A65: 15Q4 | B65: =Results_from_model!N65 -> 3.183 | C65: =Results_from_model!O65 -> 3.333 | D65: =Results_from_model!P65 -> 8.691 | E65: =Results_from_model!Q65 -> 4.203 | F65: =Results_from_model!R65 -> 6.431 | G65: =Results_from_model!S65 -> 3.836 | H65: =Results_from_model!T65 -> 3.183 | I65: =Results_from_model!U65 -> 3.333 | ... M65: =Results_from_model!Y65 -> 3.925 | AN65: 6.4311192 | AO65: 6.431 | AQ65: 3.1829628 | AR65: 3.183 | AT65: 6.4311192 | AU65: 6.4311192 | AV65: 5.3169279 | AX65: 3.3328065 | AY65: 3.183
A66: 16Q1 | B66: =Results_from_model!N66 -> 3.204 | C66: =Results_from_model!O66 -> 3.413 | D66: =Results_from_model!P66 -> 8.886 | E66: =Results_from_model!Q66 -> 4.338 | F66: =Results_from_model!R66 -> 6.548 | G66: =Results_from_model!S66 -> 3.948 | H66: =Results_from_model!T66 -> 3.204 | I66: =Results_from_model!U66 -> 3.413 | ... M66: =Results_from_model!Y66 -> 4.043 | AN66: 6.5477183 | AO66: 6.548 | AQ66: 3.2040664 | AR66: 3.204 | AT66: 6.5477183 | AU66: 6.5477183 | AV66: 5.4599257 | AX66: 3.4127677 | AY66: 3.204
A67: 16Q2 | B67: =Results_from_model!N67 -> 3.225 | C67: =Results_from_model!O67 -> 3.492 | D67: =Results_from_model!P67 -> 9.077 | E67: =Results_from_model!Q67 -> 4.474 | F67: =Results_from_model!R67 -> 6.664 | G67: =Results_from_model!S67 -> 4.061 | H67: =Results_from_model!T67 -> 3.225 | I67: =Results_from_model!U67 -> 3.492 | ... M67: =Results_from_model!Y67 -> 4.161 | AN67: 6.6640174 | AO67: 6.664 | AQ67: 3.2245077 | AR67: 3.225 | AT67: 6.6640174 | AU67: 6.6640174 | AV67: 5.6026444 | AX67: 3.4916929 | AY67: 3.225
A68: 16Q3 | B68: =Results_from_model!N68 -> 3.244 | C68: =Results_from_model!O68 -> 3.57 | D68: =Results_from_model!P68 -> 9.261 | E68: =Results_from_model!Q68 -> 4.612 | F68: =Results_from_model!R68 -> 6.78 | G68: =Results_from_model!S68 -> 4.173 | H68: =Results_from_model!T68 -> 3.244 | I68: =Results_from_model!U68 -> 3.57 | ... M68: =Results_from_model!Y68 -> 4.279 | AN68: 6.7800186 | AO68: 6.78 | AQ68: 3.2443068 | AR68: 3.244 | AT68: 6.7800186 | AU68: 6.7800186 | AV68: 5.7450829 | AX68: 3.5695662 | AY68: 3.244
A69: 16Q4 | B69: =Results_from_model!N69 -> 3.263 | C69: =Results_from_model!O69 -> 3.646 | D69: =Results_from_model!P69 -> 9.44 | E69: =Results_from_model!Q69 -> 4.751 | F69: =Results_from_model!R69 -> 6.896 | G69: =Results_from_model!S69 -> 4.285 | H69: =Results_from_model!T69 -> 3.263 | I69: =Results_from_model!U69 -> 3.646 | ... M69: =Results_from_model!Y69 -> 4.397 | AN69: 6.8957245 | AO69: 6.896 | AQ69: 3.2634837 | AR69: 3.263 | AT69: 6.8957245 | AU69: 6.8957245 | AV69: 5.8872407 | AX69: 3.646374 | AY69: 3.263
A70: 17Q1 | B70: =Results_from_model!N70 -> 3.282 | C70: =Results_from_model!O70 -> 3.722 | D70: =Results_from_model!P70 -> 9.613 | E70: =Results_from_model!Q70 -> 4.892 | F70: =Results_from_model!R70 -> 7.011 | G70: =Results_from_model!S70 -> 4.397 | H70: =Results_from_model!T70 -> 3.282 | I70: =Results_from_model!U70 -> 3.722 | ... M70: =Results_from_model!Y70 -> 4.515 | AN70: 7.0111381 | AO70: 7.011 | AQ70: 3.2820573 | AR70: 3.282 | AT70: 7.0111381 | AU70: 7.0111381 | AV70: 6.0291184 | AX70: 3.7221046 | AY70: 3.282
A71: 17Q2 | B71: =Results_from_model!N71 -> 3.3 | C71: =Results_from_model!O71 -> 3.797 | D71: =Results_from_model!P71 -> 9.78 | E71: =Results_from_model!Q71 -> 5.033 | F71: =Results_from_model!R71 -> 7.126 | G71: =Results_from_model!S71 -> 4.508 | H71: =Results_from_model!T71 -> 3.3 | I71: =Results_from_model!U71 -> 3.797 | ... M71: =Results_from_model!Y71 -> 4.632 | AN71: 7.1262631 | AO71: 7.126 | AQ71: 3.3000465 | AR71: 3.3 | AT71: 7.1262631 | AU71: 7.1262631 | AV71: 6.1707173 | AX71: 3.7967481 | AY71: 3.3
A72: 17Q3 | B72: =Results_from_model!N72 -> 3.317 | C72: =Results_from_model!O72 -> 3.87 | D72: =Results_from_model!P72 -> 9.942 | E72: =Results_from_model!Q72 -> 5.175 | F72: =Results_from_model!R72 -> 7.241 | G72: =Results_from_model!S72 -> 4.619 | H72: =Results_from_model!T72 -> 3.317 | I72: =Results_from_model!U72 -> 3.87 | ... M72: =Results_from_model!Y72 -> 4.749 | AN72: 7.2411035 | AO72: 7.241 | AQ72: 3.3174691 | AR72: 3.317 | AT72: 7.2411035 | AU72: 7.2411035 | AV72: 6.3120396 | AX72: 3.8702965 | AY72: 3.317
A73: 17Q4 | B73: =Results_from_model!N73 -> 3.334 | C73: =Results_from_model!O73 -> 3.943 | D73: =Results_from_model!P73 -> 10.099 | E73: =Results_from_model!Q73 -> 5.317 | F73: =Results_from_model!R73 -> 7.356 | G73: =Results_from_model!S73 -> 4.729 | H73: =Results_from_model!T73 -> 3.334 | I73: =Results_from_model!U73 -> 3.943 | ... M73: =Results_from_model!Y73 -> 4.865 | AN73: 7.3556642 | AO73: 7.356 | AQ73: 3.3343427 | AR73: 3.334 | AT73: 7.3556642 | AU73: 7.3556642 | AV73: 6.4530884 | AX73: 3.9427434 | AY73: 3.334
A74: 18Q1 | B74: =Results_from_model!N74 -> 3.351 | C74: =Results_from_model!O74 -> 4.014 | D74: =Results_from_model!P74 -> 10.251 | E74: =Results_from_model!Q74 -> 5.46 | F74: =Results_from_model!R74 -> 7.47 | G74: =Results_from_model!S74 -> 4.839 | H74: =Results_from_model!T74 -> 3.351 | I74: =Results_from_model!U74 -> 4.014 | ... M74: =Results_from_model!Y74 -> 4.981 | AN74: 7.4699502 | AO74: 7.47 | AQ74: 3.3506844 | AR74: 3.351 | AT74: 7.4699502 | AU74: 7.4699502 | AV74: 6.5938677 | AX74: 4.014084 | AY74: 3.351
A75: 18Q2 | B75: =Results_from_model!N75 -> 3.367 | C75: =Results_from_model!O75 -> 4.084 | D75: =Results_from_model!P75 -> 10.398 | E75: =Results_from_model!Q75 -> 5.602 | F75: =Results_from_model!R75 -> 7.584 | G75: =Results_from_model!S75 -> 4.949 | H75: =Results_from_model!T75 -> 3.367 | I75: =Results_from_model!U75 -> 4.084 | ... M75: =Results_from_model!Y75 -> 5.097 | AN75: 7.5839676 | AO75: 7.584 | AQ75: 3.3665104 | AR75: 3.367 | AT75: 7.5839676 | AU75: 7.5839676 | AV75: 6.7343823 | AX75: 4.0843148 | AY75: 3.367
A76: 18Q3 | B76: =Results_from_model!N76 -> 3.382 | C76: =Results_from_model!O76 -> 4.153 | D76: =Results_from_model!P76 -> 10.54 | E76: =Results_from_model!Q76 -> 5.745 | F76: =Results_from_model!R76 -> 7.698 | G76: =Results_from_model!S76 -> 5.058 | H76: =Results_from_model!T76 -> 3.382 | I76: =Results_from_model!U76 -> 4.153 | ... M76: =Results_from_model!Y76 -> 5.213 | AN76: 7.6977228 | AO76: 7.698 | AQ76: 3.381837 | AR76: 3.382 | AT76: 7.6977228 | AU76: 7.6977228 | AV76: 6.8746381 | AX76: 4.1534338 | AY76: 3.382
... A105: 25Q4 | B105: =Results_from_model!N105 -> 3.666 | C105: =Results_from_model!O105 -> 5.698 | D105: =Results_from_model!P105 -> 13.177 | E105: =Results_from_model!Q105 -> 9.438 | F105: =Results_from_model!R105 -> 10.972 | G105: =Results_from_model!S105 -> 7.985 | H105: =Results_from_model!T105 -> 3.666 | I105: =Results_from_model!U105 -> 5.698 | ... M105: =Results_from_model!Y105 -> 8.354 | AN105: 10.971635 | AO105: 10.972 | AQ105: 3.6660679 | AR105: 3.666 | AT105: 10.971635 | AU105: 10.971635 | AV105: 10.934272 | AX105: 5.6976244 | AY105: 3.666
AN106: 11.091674 | AQ106: 3.6718877 | AT106: 11.091674 | AU106: 11.091674 | AV106: 11.083965 | AX106: 5.7365079
AN107: 11.208714 | AQ107: 3.6775217 | AT107: 11.208714 | AU107: 11.208714 | AV107: 11.22998 | AX107: 5.77456
AN108: 11.322318 | AQ108: 3.682976 | AT108: 11.322318 | AU108: 11.322318 | AV108: 11.371767 | AX108: 5.8117942
AN109: 11.432493 | AQ109: 3.6882562 | AT109: 11.432493 | AU109: 11.432493 | AV109: 11.509333 | AX109: 5.8482236
AN110: 11.539328 | AQ110: 3.6933678 | AT110: 11.539328 | AU110: 11.539328 | AV110: 11.642781 | AX110: 5.8838616
AN111: 11.64292 | AQ111: 3.6983162 | AT111: 11.64292 | AU111: 11.64292 | AV111: 11.772229 | AX111: 5.9187213
AN112: 11.743364 | AQ112: 3.7031065 | AT112: 11.743364 | AU112: 11.743364 | AV112: 11.897793 | AX112: 5.9528161
AN113: 11.840753 | AQ113: 3.7077439 | AT113: 11.840753 | AU113: 11.840753 | AV113: 12.019584 | AX113: 5.9861589
AN114: 11.935178 | AQ114: 3.7122331 | AT114: 11.935178 | AU114: 11.935178 | AV114: 12.137711 | AX114: 6.0187629
AN115: 12.026724 | AQ115: 3.7165789 | AT115: 12.026724 | AU115: 12.026724 | AV115: 12.252279 | AX115: 6.0506412
AN116: 12.115477 | AQ116: 3.7207858 | AT116: 12.115477 | AU116: 12.115477 | AV116: 12.363389 | AX116: 6.0818067
AN117: 12.201518 | AQ117: 3.7248582 | AT117: 12.201518 | AU117: 12.201518 | AV117: 12.47114 | AX117: 6.1122722
... AN2006: 0 | AQ2006: 0 | AT2006: 0 | AU2006: 0 | AV2006: 0 | AX2006: 0

Sheet Figure_6A_6C_6E_6F
A1: 1 | B1: 2 | C1: 3 | D1: 4 | E1: 5 | F1: 6 | G1: 7 | H1: 8 | I1: 9
A2: AE | B2: Variables -> | C2: =Results_from_model!C2 -> Model_HumanCapital_epsi_ig___yd | D2: =Results_from_model!D2 -> Model_HumanCapital_epsi_cge___yd | E2: =Results_from_model!E2 -> Model_HumanCapital_epsi_cgrd___yd | F2: =Results_from_model!F2 -> Model_HumanCapital_epsi_igeff25y___yd | G2: =Results_from_model!G2 -> Model_HumanCapital_epsi_cgeeff25y___yd | H2: =Results_from_model!H2 -> Model_HumanCapital_epsi_cgrd_eff25y___yd | I2: =Results_from_model!I2 -> Model_HumanCapital_epsi_cgeCgrd___yd | J2: =Results_from_model!J2 -> Model_HumanCapital_epsicgrd_cge_adt___yd | K2: =Results_from_model!K2 -> Model_HumanCapital_epsicgrd_cge_limt___yd | AB2: Figure 6A | AN2: Figure 6B
B3: Comments ->
B4: Class[Size] -> | C4: Series[201-by-1] | D4: Series[201-by-1] | E4: Series[201-by-1] | F4: Series[201-by-1] | G4: Series[201-by-1] | I4: Series[2002-by-1]
V8: Infrastructure investment | W8: Human capital investment | X8: R&D spending
A9: 2026 | C9: =Results_from_model!C9 -> -0.091 | D9: =Results_from_model!D9 -> 0.026 | E9: =Results_from_model!E9 -> -0.363 | F9: =Results_from_model!F9 -> -0.169 | G9: =Results_from_model!G9 -> 0.083 | H9: =Results_from_model!H9 -> -0.395 | I9: =Results_from_model!I9 -> -0.199 | J9: =Results_from_model!J9 -> -0.649 | K9: =Results_from_model!K9 -> 0.231 | T9: 2026 | U9: 1Q4 | V9: =C9 -> -0.091 | W9: =D9 -> 0.026 | X9: =E9 -> -0.363 | Y9: =I9 -> -0.199
A10: =A9+0.25 -> 2026.25 | C10: =Results_from_model!C10 -> -0.048 | D10: =Results_from_model!D10 -> -0.031 | E10: =Results_from_model!E10 -> -0.37 | F10: =Results_from_model!F10 -> -0.131 | G10: =Results_from_model!G10 -> 0.02 | H10: =Results_from_model!H10 -> -0.408 | I10: =Results_from_model!I10 -> -0.232 | J10: =Results_from_model!J10 -> -0.747 | K10: =Results_from_model!K10 -> 0.262 | T10: 2030 | U10: 5Q4 | V10: =C25 -> 0.489 | W10: =D25 -> -0.253 | X10: =E25 -> 0.546 | Y10: =I25 -> 0.219
A11: =A10+0.25 -> 2026.5 | C11: =Results_from_model!C11 -> -0.005 | D11: =Results_from_model!D11 -> -0.082 | E11: =Results_from_model!E11 -> -0.356 | F11: =Results_from_model!F11 -> -0.093 | G11: =Results_from_model!G11 -> -0.038 | H11: =Results_from_model!H11 -> -0.4 | I11: =Results_from_model!I11 -> -0.25 | J11: =Results_from_model!J11 -> -0.821 | K11: =Results_from_model!K11 -> 0.307 | T11: 2040 | U11: 15Q4 | V11: =C65 -> 1.277 | W11: =D65 -> 1.407 | X11: =E65 -> 2.424 | Y11: =I65 -> 2.239
A12: =A11+0.25 -> 2026.75 | C12: =Results_from_model!C12 -> 0.037 | D12: =Results_from_model!D12 -> -0.127 | E12: =Results_from_model!E12 -> -0.326 | F12: =Results_from_model!F12 -> -0.054 | G12: =Results_from_model!G12 -> -0.09 | H12: =Results_from_model!H12 -> -0.375 | I12: =Results_from_model!I12 -> -0.253 | J12: =Results_from_model!J12 -> -0.878 | K12: =Results_from_model!K12 -> 0.361 | T12: 2050 | U12: 25Q4 | V12: =C105 -> 1.64 | W12: =D105 -> 3.158 | X12: =E105 -> 3.195 | Y12: =I105 -> 3.69
A13: =A12+0.25 -> 2027 | C13: =Results_from_model!C13 -> 0.078 | D13: =Results_from_model!D13 -> -0.166 | E13: =Results_from_model!E13 -> -0.282 | F13: =Results_from_model!F13 -> -0.016 | G13: =Results_from_model!G13 -> -0.136 | H13: =Results_from_model!H13 -> -0.336 | I13: =Results_from_model!I13 -> -0.246 | J13: =Results_from_model!J13 -> -0.918 | K13: =Results_from_model!K13 -> 0.424
A14: =A13+0.25 -> 2027.25 | C14: =Results_from_model!C14 -> 0.117 | D14: =Results_from_model!D14 -> -0.198 | E14: =Results_from_model!E14 -> -0.229 | F14: =Results_from_model!F14 -> 0.023 | G14: =Results_from_model!G14 -> -0.176 | H14: =Results_from_model!H14 -> -0.288 | I14: =Results_from_model!I14 -> -0.229 | J14: =Results_from_model!J14 -> -0.946 | K14: =Results_from_model!K14 -> 0.491
A15: =A14+0.25 -> 2027.5 | C15: =Results_from_model!C15 -> 0.156 | D15: =Results_from_model!D15 -> -0.225 | E15: =Results_from_model!E15 -> -0.169 | F15: =Results_from_model!F15 -> 0.061 | G15: =Results_from_model!G15 -> -0.21 | H15: =Results_from_model!H15 -> -0.232 | I15: =Results_from_model!I15 -> -0.206 | J15: =Results_from_model!J15 -> -0.962 | K15: =Results_from_model!K15 -> 0.562
A16: =A15+0.25 -> 2027.75 | C16: =Results_from_model!C16 -> 0.193 | D16: =Results_from_model!D16 -> -0.247 | E16: =Results_from_model!E16 -> -0.103 | F16: =Results_from_model!F16 -> 0.098 | G16: =Results_from_model!G16 -> -0.239 | H16: =Results_from_model!H16 -> -0.17 | I16: =Results_from_model!I16 -> -0.177 | J16: =Results_from_model!J16 -> -0.969 | K16: =Results_from_model!K16 -> 0.636
A17: =A16+0.25 -> 2028 | C17: =Results_from_model!C17 -> 0.23 | D17: =Results_from_model!D17 -> -0.264 | E17: =Results_from_model!E17 -> -0.034 | F17: =Results_from_model!F17 -> 0.136 | G17: =Results_from_model!G17 -> -0.263 | H17: =Results_from_model!H17 -> -0.104 | I17: =Results_from_model!I17 -> -0.143 | J17: =Results_from_model!J17 -> -0.967 | K17: =Results_from_model!K17 -> 0.71
A18: =A17+0.25 -> 2028.25 | C18: =Results_from_model!C18 -> 0.265 | D18: =Results_from_model!D18 -> -0.276 | E18: =Results_from_model!E18 -> 0.037 | F18: =Results_from_model!F18 -> 0.173 | G18: =Results_from_model!G18 -> -0.282 | H18: =Results_from_model!H18 -> -0.035 | I18: =Results_from_model!I18 -> -0.105 | J18: =Results_from_model!J18 -> -0.958 | K18: =Results_from_model!K18 -> 0.786
A19: =A18+0.25 -> 2028.5 | C19: =Results_from_model!C19 -> 0.3 | D19: =Results_from_model!D19 -> -0.284 | E19: =Results_from_model!E19 -> 0.11 | F19: =Results_from_model!F19 -> 0.21 | G19: =Results_from_model!G19 -> -0.297 | H19: =Results_from_model!H19 -> 0.036 | I19: =Results_from_model!I19 -> -0.064 | J19: =Results_from_model!J19 -> -0.941 | K19: =Results_from_model!K19 -> 0.86
A20: =A19+0.25 -> 2028.75 | C20: =Results_from_model!C20 -> 0.333 | D20: =Results_from_model!D20 -> -0.288 | E20: =Results_from_model!E20 -> 0.183 | F20: =Results_from_model!F20 -> 0.246 | G20: =Results_from_model!G20 -> -0.308 | H20: =Results_from_model!H20 -> 0.108 | I20: =Results_from_model!I20 -> -0.021 | J20: =Results_from_model!J20 -> -0.919 | K20: =Results_from_model!K20 -> 0.934
A21: =A20+0.25 -> 2029 | C21: =Results_from_model!C21 -> 0.366 | D21: =Results_from_model!D21 -> -0.288 | E21: =Results_from_model!E21 -> 0.257 | F21: =Results_from_model!F21 -> 0.283 | G21: =Results_from_model!G21 -> -0.314 | H21: =Results_from_model!H21 -> 0.18 | I21: =Results_from_model!I21 -> 0.024 | J21: =Results_from_model!J21 -> -0.892 | K21: =Results_from_model!K21 -> 1.007
A22: =A21+0.25 -> 2029.25 | C22: =Results_from_model!C22 -> 0.398 | D22: =Results_from_model!D22 -> -0.284 | E22: =Results_from_model!E22 -> 0.33 | F22: =Results_from_model!F22 -> 0.319 | G22: =Results_from_model!G22 -> -0.317 | H22: =Results_from_model!H22 -> 0.253 | I22: =Results_from_model!I22 -> 0.071 | J22: =Results_from_model!J22 -> -0.859 | K22: =Results_from_model!K22 -> 1.078
A23: =A22+0.25 -> 2029.5 | C23: =Results_from_model!C23 -> 0.429 | D23: =Results_from_model!D23 -> -0.277 | E23: =Results_from_model!E23 -> 0.403 | F23: =Results_from_model!F23 -> 0.355 | G23: =Results_from_model!G23 -> -0.315 | H23: =Results_from_model!H23 -> 0.326 | I23: =Results_from_model!I23 -> 0.119 | J23: =Results_from_model!J23 -> -0.821 | K23: =Results_from_model!K23 -> 1.147
A24: =A23+0.25 -> 2029.75 | C24: =Results_from_model!C24 -> 0.459 | D24: =Results_from_model!D24 -> -0.266 | E24: =Results_from_model!E24 -> 0.475 | F24: =Results_from_model!F24 -> 0.391 | G24: =Results_from_model!G24 -> -0.311 | H24: =Results_from_model!H24 -> 0.398 | I24: =Results_from_model!I24 -> 0.169 | J24: =Results_from_model!J24 -> -0.779 | K24: =Results_from_model!K24 -> 1.214
... A34: =A33+0.25 -> 2032.25 | C34: =Results_from_model!C34 -> 0.727 | D34: =Results_from_model!D34 -> -0.023 | E34: =Results_from_model!E34 -> 1.126 | F34: =Results_from_model!F34 -> 0.741 | G34: =Results_from_model!G34 -> -0.108 | H34: =Results_from_model!H34 -> 1.081 | I34: =Results_from_model!I34 -> 0.689 | J34: =Results_from_model!J34 -> -0.155 | K34: =Results_from_model!K34 -> 1.728
A35: =A34+0.25 -> 2032.5 | C35: =Results_from_model!C35 -> 0.75 | D35: =Results_from_model!D35 -> 0.012 | E35: =Results_from_model!E35 -> 1.183 | F35: =Results_from_model!F35 -> 0.775 | G35: =Results_from_model!G35 -> -0.075 | H35: =Results_from_model!H35 -> 1.145 | I35: =Results_from_model!I35 -> 0.742 | J35: =Results_from_model!J35 -> -0.074 | K35: =Results_from_model!K35 -> 1.761 | AD35: Figure 6C | AM35: Figure 6D
A36: =A35+0.25 -> 2032.75 | C36: =Results_from_model!C36 -> 0.774 | D36: =Results_from_model!D36 -> 0.048 | E36: =Results_from_model!E36 -> 1.24 | F36: =Results_from_model!F36 -> 0.81 | G36: =Results_from_model!G36 -> -0.04 | H36: =Results_from_model!H36 -> 1.207 | I36: =Results_from_model!I36 -> 0.795 | J36: =Results_from_model!J36 -> 0.01 | K36: =Results_from_model!K36 -> 1.788
A37: =A36+0.25 -> 2033 | C37: =Results_from_model!C37 -> 0.796 | D37: =Results_from_model!D37 -> 0.086 | E37: =Results_from_model!E37 -> 1.295 | F37: =Results_from_model!F37 -> 0.844 | G37: =Results_from_model!G37 -> -0.004 | H37: =Results_from_model!H37 -> 1.269 | I37: =Results_from_model!I37 -> 0.848 | J37: =Results_from_model!J37 -> 0.098 | K37: =Results_from_model!K37 -> 1.812
A38: =A37+0.25 -> 2033.25 | C38: =Results_from_model!C38 -> 0.818 | D38: =Results_from_model!D38 -> 0.125 | E38: =Results_from_model!E38 -> 1.349 | F38: =Results_from_model!F38 -> 0.878 | G38: =Results_from_model!G38 -> 0.034 | H38: =Results_from_model!H38 -> 1.33 | I38: =Results_from_model!I38 -> 0.901 | J38: =Results_from_model!J38 -> 0.19 | K38: =Results_from_model!K38 -> 1.83
A39: =A38+0.25 -> 2033.5 | C39: =Results_from_model!C39 -> 0.84 | D39: =Results_from_model!D39 -> 0.165 | E39: =Results_from_model!E39 -> 1.401 | F39: =Results_from_model!F39 -> 0.912 | G39: =Results_from_model!G39 -> 0.074 | H39: =Results_from_model!H39 -> 1.389 | I39: =Results_from_model!I39 -> 0.954 | J39: =Results_from_model!J39 -> 0.286 | K39: =Results_from_model!K39 -> 1.843
A40: =A39+0.25 -> 2033.75 | C40: =Results_from_model!C40 -> 0.861 | D40: =Results_from_model!D40 -> 0.206 | E40: =Results_from_model!E40 -> 1.453 | F40: =Results_from_model!F40 -> 0.946 | G40: =Results_from_model!G40 -> 0.115 | H40: =Results_from_model!H40 -> 1.448 | I40: =Results_from_model!I40 -> 1.006 | J40: =Results_from_model!J40 -> 0.386 | K40: =Results_from_model!K40 -> 1.851
A41: =A40+0.25 -> 2034 | C41: =Results_from_model!C41 -> 0.882 | D41: =Results_from_model!D41 -> 0.249 | E41: =Results_from_model!E41 -> 1.503 | F41: =Results_from_model!F41 -> 0.979 | G41: =Results_from_model!G41 -> 0.158 | H41: =Results_from_model!H41 -> 1.507 | I41: =Results_from_model!I41 -> 1.059 | J41: =Results_from_model!J41 -> 0.49 | K41: =Results_from_model!K41 -> 1.852
A42: =A41+0.25 -> 2034.25 | C42: =Results_from_model!C42 -> 0.903 | D42: =Results_from_model!D42 -> 0.292 | E42: =Results_from_model!E42 -> 1.552 | F42: =Results_from_model!F42 -> 1.013 | G42: =Results_from_model!G42 -> 0.202 | H42: =Results_from_model!H42 -> 1.564 | I42: =Results_from_model!I42 -> 1.111 | J42: =Results_from_model!J42 -> 0.599 | K42: =Results_from_model!K42 -> 1.847
A43: =A42+0.25 -> 2034.5 | C43: =Results_from_model!C43 -> 0.923 | D43: =Results_from_model!D43 -> 0.336 | E43: =Results_from_model!E43 -> 1.6 | F43: =Results_from_model!F43 -> 1.047 | G43: =Results_from_model!G43 -> 0.247 | H43: =Results_from_model!H43 -> 1.621 | I43: =Results_from_model!I43 -> 1.164 | J43: =Results_from_model!J43 -> 0.714 | K43: =Results_from_model!K43 -> 1.835 | T43: Human capital investment | U43: R&D spending | V43: Infrastructure investment
A44: =A43+0.25 -> 2034.75 | C44: =Results_from_model!C44 -> 0.942 | D44: =Results_from_model!D44 -> 0.381 | E44: =Results_from_model!E44 -> 1.647 | F44: =Results_from_model!F44 -> 1.08 | G44: =Results_from_model!G44 -> 0.293 | H44: =Results_from_model!H44 -> 1.676 | I44: =Results_from_model!I44 -> 1.216 | J44: =Results_from_model!J44 -> 0.835 | K44: =Results_from_model!K44 -> 1.816 | T44: =G105-D105 -> 0.657 | U44: =H105-E105 -> 0.919 | V44: =F105-C105 -> 1.382
A45: =A44+0.25 -> 2035 | C45: =Results_from_model!C45 -> 0.961 | D45: =Results_from_model!D45 -> 0.426 | E45: =Results_from_model!E45 -> 1.693 | F45: =Results_from_model!F45 -> 1.113 | G45: =Results_from_model!G45 -> 0.341 | H45: =Results_from_model!H45 -> 1.732 | I45: =Results_from_model!I45 -> 1.267 | J45: =Results_from_model!J45 -> 0.961 | K45: =Results_from_model!K45 -> 1.79
A46: =A45+0.25 -> 2035.25 | C46: =Results_from_model!C46 -> 0.98 | D46: =Results_from_model!D46 -> 0.472 | E46: =Results_from_model!E46 -> 1.738 | F46: =Results_from_model!F46 -> 1.147 | G46: =Results_from_model!G46 -> 0.389 | H46: =Results_from_model!H46 -> 1.786 | I46: =Results_from_model!I46 -> 1.319 | J46: =Results_from_model!J46 -> 1.094 | K46: =Results_from_model!K46 -> 1.758
A47: =A46+0.25 -> 2035.5 | C47: =Results_from_model!C47 -> 0.999 | D47: =Results_from_model!D47 -> 0.519 | E47: =Results_from_model!E47 -> 1.782 | F47: =Results_from_model!F47 -> 1.18 | G47: =Results_from_model!G47 -> 0.439 | H47: =Results_from_model!H47 -> 1.84 | I47: =Results_from_model!I47 -> 1.37 | J47: =Results_from_model!J47 -> 1.226 | K47: =Results_from_model!K47 -> 1.725
A48: =A47+0.25 -> 2035.75 | C48: =Results_from_model!C48 -> 1.017 | D48: =Results_from_model!D48 -> 0.566 | E48: =Results_from_model!E48 -> 1.825 | F48: =Results_from_model!F48 -> 1.213 | G48: =Results_from_model!G48 -> 0.489 | H48: =Results_from_model!H48 -> 1.893 | I48: =Results_from_model!I48 -> 1.421 | J48: =Results_from_model!J48 -> 1.355 | K48: =Results_from_model!K48 -> 1.693
A49: =A48+0.25 -> 2036 | C49: =Results_from_model!C49 -> 1.035 | D49: =Results_from_model!D49 -> 0.614 | E49: =Results_from_model!E49 -> 1.866 | F49: =Results_from_model!F49 -> 1.246 | G49: =Results_from_model!G49 -> 0.54 | H49: =Results_from_model!H49 -> 1.945 | I49: =Results_from_model!I49 -> 1.472 | J49: =Results_from_model!J49 -> 1.482 | K49: =Results_from_model!K49 -> 1.662
A50: =A49+0.25 -> 2036.25 | C50: =Results_from_model!C50 -> 1.052 | D50: =Results_from_model!D50 -> 0.662 | E50: =Results_from_model!E50 -> 1.907 | F50: =Results_from_model!F50 -> 1.279 | G50: =Results_from_model!G50 -> 0.592 | H50: =Results_from_model!H50 -> 1.996 | I50: =Results_from_model!I50 -> 1.523 | J50: =Results_from_model!J50 -> 1.606 | K50: =Results_from_model!K50 -> 1.634
A51: =A50+0.25 -> 2036.5 | C51: =Results_from_model!C51 -> 1.069 | D51: =Results_from_model!D51 -> 0.711 | E51: =Results_from_model!E51 -> 1.948 | F51: =Results_from_model!F51 -> 1.312 | G51: =Results_from_model!G51 -> 0.645 | H51: =Results_from_model!H51 -> 2.047 | I51: =Results_from_model!I51 -> 1.573 | J51: =Results_from_model!J51 -> 1.727 | K51: =Results_from_model!K51 -> 1.607
A52: =A51+0.25 -> 2036.75 | C52: =Results_from_model!C52 -> 1.086 | D52: =Results_from_model!D52 -> 0.76 | E52: =Results_from_model!E52 -> 1.987 | F52: =Results_from_model!F52 -> 1.345 | G52: =Results_from_model!G52 -> 0.699 | H52: =Results_from_model!H52 -> 2.098 | I52: =Results_from_model!I52 -> 1.623 | J52: =Results_from_model!J52 -> 1.846 | K52: =Results_from_model!K52 -> 1.581
A53: =A52+0.25 -> 2037 | C53: =Results_from_model!C53 -> 1.102 | D53: =Results_from_model!D53 -> 0.809 | E53: =Results_from_model!E53 -> 2.025 | F53: =Results_from_model!F53 -> 1.378 | G53: =Results_from_model!G53 -> 0.753 | H53: =Results_from_model!H53 -> 2.147 | I53: =Results_from_model!I53 -> 1.672 | J53: =Results_from_model!J53 -> 1.962 | K53: =Results_from_model!K53 -> 1.557
A54: =A53+0.25 -> 2037.25 | C54: =Results_from_model!C54 -> 1.119 | D54: =Results_from_model!D54 -> 0.858 | E54: =Results_from_model!E54 -> 2.063 | F54: =Results_from_model!F54 -> 1.411 | G54: =Results_from_model!G54 -> 0.808 | H54: =Results_from_model!H54 -> 2.197 | I54: =Results_from_model!I54 -> 1.721 | J54: =Results_from_model!J54 -> 2.076 | K54: =Results_from_model!K54 -> 1.535
A55: =A54+0.25 -> 2037.5 | C55: =Results_from_model!C55 -> 1.134 | D55: =Results_from_model!D55 -> 0.908 | E55: =Results_from_model!E55 -> 2.099 | F55: =Results_from_model!F55 -> 1.443 | G55: =Results_from_model!G55 -> 0.863 | H55: =Results_from_model!H55 -> 2.245 | I55: =Results_from_model!I55 -> 1.77 | J55: =Results_from_model!J55 -> 2.187 | K55: =Results_from_model!K55 -> 1.513
A56: =A55+0.25 -> 2037.75 | C56: =Results_from_model!C56 -> 1.15 | D56: =Results_from_model!D56 -> 0.958 | E56: =Results_from_model!E56 -> 2.135 | F56: =Results_from_model!F56 -> 1.476 | G56: =Results_from_model!G56 -> 0.919 | H56: =Results_from_model!H56 -> 2.293 | I56: =Results_from_model!I56 -> 1.819 | J56: =Results_from_model!J56 -> 2.296 | K56: =Results_from_model!K56 -> 1.493
... A67: =A66+0.25 -> 2040.5 | C67: =Results_from_model!C67 -> 1.303 | D67: =Results_from_model!D67 -> 1.506 | E67: =Results_from_model!E67 -> 2.481 | F67: =Results_from_model!F67 -> 1.829 | G67: =Results_from_model!G67 -> 1.559 | H67: =Results_from_model!H67 -> 2.784 | I67: =Results_from_model!I67 -> 2.328 | J67: =Results_from_model!J67 -> 3.353 | K67: =Results_from_model!K67 -> 1.339
A68: =A67+0.25 -> 2040.75 | C68: =Results_from_model!C68 -> 1.315 | D68: =Results_from_model!D68 -> 1.556 | E68: =Results_from_model!E68 -> 2.509 | F68: =Results_from_model!F68 -> 1.861 | G68: =Results_from_model!G68 -> 1.618 | H68: =Results_from_model!H68 -> 2.826 | I68: =Results_from_model!I68 -> 2.372 | J68: =Results_from_model!J68 -> 3.438 | K68: =Results_from_model!K68 -> 1.33 | AC68: Figure 6E | AN68: Figure 6F
A69: =A68+0.25 -> 2041 | C69: =Results_from_model!C69 -> 1.327 | D69: =Results_from_model!D69 -> 1.605 | E69: =Results_from_model!E69 -> 2.536 | F69: =Results_from_model!F69 -> 1.893 | G69: =Results_from_model!G69 -> 1.678 | H69: =Results_from_model!H69 -> 2.867 | I69: =Results_from_model!I69 -> 2.415 | J69: =Results_from_model!J69 -> 3.521 | K69: =Results_from_model!K69 -> 1.321 | W69: Human capital investment | X69: R&D spending | Y69: Human capital investment + R&D spending
A70: =A69+0.25 -> 2041.25 | C70: =Results_from_model!C70 -> 1.339 | D70: =Results_from_model!D70 -> 1.654 | E70: =Results_from_model!E70 -> 2.562 | F70: =Results_from_model!F70 -> 1.924 | G70: =Results_from_model!G70 -> 1.738 | H70: =Results_from_model!H70 -> 2.908 | I70: =Results_from_model!I70 -> 2.458 | J70: =Results_from_model!J70 -> 3.602 | K70: =Results_from_model!K70 -> 1.314 | U70: 2026 | W70: =VLOOKUP($U70,$A:$I,4,FALSE) -> 0.026 | X70: =VLOOKUP($U70,$A:$I,5,FALSE) -> -0.363 | Y70: =VLOOKUP($U70,$A:$I,9,FALSE) -> -0.199
A71: =A70+0.25 -> 2041.5 | C71: =Results_from_model!C71 -> 1.351 | D71: =Results_from_model!D71 -> 1.703 | E71: =Results_from_model!E71 -> 2.588 | F71: =Results_from_model!F71 -> 1.956 | G71: =Results_from_model!G71 -> 1.798 | H71: =Results_from_model!H71 -> 2.948 | I71: =Results_from_model!I71 -> 2.501 | J71: =Results_from_model!J71 -> 3.682 | K71: =Results_from_model!K71 -> 1.306 | U71: 2027 | W71: =VLOOKUP($U71,$A:$I,4,FALSE) -> -0.166 | X71: =VLOOKUP($U71,$A:$I,5,FALSE) -> -0.282 | Y71: =VLOOKUP($U71,$A:$I,9,FALSE) -> -0.246
A72: =A71+0.25 -> 2041.75 | C72: =Results_from_model!C72 -> 1.362 | D72: =Results_from_model!D72 -> 1.751 | E72: =Results_from_model!E72 -> 2.613 | F72: =Results_from_model!F72 -> 1.987 | G72: =Results_from_model!G72 -> 1.858 | H72: =Results_from_model!H72 -> 2.988 | I72: =Results_from_model!I72 -> 2.543 | J72: =Results_from_model!J72 -> 3.76 | K72: =Results_from_model!K72 -> 1.3 | U72: 2028 | W72: =VLOOKUP($U72,$A:$I,4,FALSE) -> -0.264 | X72: =VLOOKUP($U72,$A:$I,5,FALSE) -> -0.034 | Y72: =VLOOKUP($U72,$A:$I,9,FALSE) -> -0.143 | AZ72: Limited diffusion of technology in private sector | BA72: Policy mix (baseline) | BB72: Improved diffusion of technology in private sector
A73: =A72+0.25 -> 2042 | C73: =Results_from_model!C73 -> 1.373 | D73: =Results_from_model!D73 -> 1.8 | E73: =Results_from_model!E73 -> 2.637 | F73: =Results_from_model!F73 -> 2.019 | G73: =Results_from_model!G73 -> 1.919 | H73: =Results_from_model!H73 -> 3.028 | I73: =Results_from_model!I73 -> 2.585 | J73: =Results_from_model!J73 -> 3.836 | K73: =Results_from_model!K73 -> 1.294 | U73: 2029 | W73: =VLOOKUP($U73,$A:$I,4,FALSE) -> -0.288 | X73: =VLOOKUP($U73,$A:$I,5,FALSE) -> 0.257 | Y73: =VLOOKUP($U73,$A:$I,9,FALSE) -> 0.024 | AZ73: =K105 -> 1.279 | BA73: =I105 -> 3.69 | BB73: =J105 -> 5.607
A74: =A73+0.25 -> 2042.25 | C74: =Results_from_model!C74 -> 1.384 | D74: =Results_from_model!D74 -> 1.848 | E74: =Results_from_model!E74 -> 2.662 | F74: =Results_from_model!F74 -> 2.05 | G74: =Results_from_model!G74 -> 1.979 | H74: =Results_from_model!H74 -> 3.067 | I74: =Results_from_model!I74 -> 2.626 | J74: =Results_from_model!J74 -> 3.911 | K74: =Results_from_model!K74 -> 1.288 | U74: 2030 | W74: =VLOOKUP($U74,$A:$I,4,FALSE) -> -0.253 | X74: =VLOOKUP($U74,$A:$I,5,FALSE) -> 0.546 | Y74: =VLOOKUP($U74,$A:$I,9,FALSE) -> 0.219
A75: =A74+0.25 -> 2042.5 | C75: =Results_from_model!C75 -> 1.395 | D75: =Results_from_model!D75 -> 1.895 | E75: =Results_from_model!E75 -> 2.685 | F75: =Results_from_model!F75 -> 2.082 | G75: =Results_from_model!G75 -> 2.039 | H75: =Results_from_model!H75 -> 3.105 | I75: =Results_from_model!I75 -> 2.667 | J75: =Results_from_model!J75 -> 3.984 | K75: =Results_from_model!K75 -> 1.283 | U75: 2031 | W75: =VLOOKUP($U75,$A:$I,4,FALSE) -> -0.172 | X75: =VLOOKUP($U75,$A:$I,5,FALSE) -> 0.817 | Y75: =VLOOKUP($U75,$A:$I,9,FALSE) -> 0.425
A76: =A75+0.25 -> 2042.75 | C76: =Results_from_model!C76 -> 1.406 | D76: =Results_from_model!D76 -> 1.943 | E76: =Results_from_model!E76 -> 2.708 | F76: =Results_from_model!F76 -> 2.113 | G76: =Results_from_model!G76 -> 2.1 | H76: =Results_from_model!H76 -> 3.143 | I76: =Results_from_model!I76 -> 2.707 | J76: =Results_from_model!J76 -> 4.056 | K76: =Results_from_model!K76 -> 1.279 | U76: 2032 | W76: =VLOOKUP($U76,$A:$I,4,FALSE) -> -0.057 | X76: =VLOOKUP($U76,$A:$I,5,FALSE) -> 1.067 | Y76: =VLOOKUP($U76,$A:$I,9,FALSE) -> 0.636
A77: =A76+0.25 -> 2043 | C77: =Results_from_model!C77 -> 1.416 | D77: =Results_from_model!D77 -> 1.99 | E77: =Results_from_model!E77 -> 2.731 | F77: =Results_from_model!F77 -> 2.144 | G77: =Results_from_model!G77 -> 2.16 | H77: =Results_from_model!H77 -> 3.181 | I77: =Results_from_model!I77 -> 2.747 | J77: =Results_from_model!J77 -> 4.127 | K77: =Results_from_model!K77 -> 1.274 | U77: 2033 | W77: =VLOOKUP($U77,$A:$I,4,FALSE) -> 0.086 | X77: =VLOOKUP($U77,$A:$I,5,FALSE) -> 1.295 | Y77: =VLOOKUP($U77,$A:$I,9,FALSE) -> 0.848
A78: =A77+0.25 -> 2043.25 | C78: =Results_from_model!C78 -> 1.426 | D78: =Results_from_model!D78 -> 2.037 | E78: =Results_from_model!E78 -> 2.753 | F78: =Results_from_model!F78 -> 2.176 | G78: =Results_from_model!G78 -> 2.221 | H78: =Results_from_model!H78 -> 3.219 | I78: =Results_from_model!I78 -> 2.787 | J78: =Results_from_model!J78 -> 4.196 | K78: =Results_from_model!K78 -> 1.271 | U78: 2034 | W78: =VLOOKUP($U78,$A:$I,4,FALSE) -> 0.249 | X78: =VLOOKUP($U78,$A:$I,5,FALSE) -> 1.503 | Y78: =VLOOKUP($U78,$A:$I,9,FALSE) -> 1.059
A79: =A78+0.25 -> 2043.5 | C79: =Results_from_model!C79 -> 1.436 | D79: =Results_from_model!D79 -> 2.083 | E79: =Results_from_model!E79 -> 2.774 | F79: =Results_from_model!F79 -> 2.207 | G79: =Results_from_model!G79 -> 2.281 | H79: =Results_from_model!H79 -> 3.256 | I79: =Results_from_model!I79 -> 2.826 | J79: =Results_from_model!J79 -> 4.263 | K79: =Results_from_model!K79 -> 1.267 | U79: 2035 | W79: =VLOOKUP($U79,$A:$I,4,FALSE) -> 0.426 | X79: =VLOOKUP($U79,$A:$I,5,FALSE) -> 1.693 | Y79: =VLOOKUP($U79,$A:$I,9,FALSE) -> 1.267
A80: =A79+0.25 -> 2043.75 | C80: =Results_from_model!C80 -> 1.446 | D80: =Results_from_model!D80 -> 2.13 | E80: =Results_from_model!E80 -> 2.795 | F80: =Results_from_model!F80 -> 2.238 | G80: =Results_from_model!G80 -> 2.341 | H80: =Results_from_model!H80 -> 3.292 | I80: =Results_from_model!I80 -> 2.864 | J80: =Results_from_model!J80 -> 4.33 | K80: =Results_from_model!K80 -> 1.265 | U80: 2036 | W80: =VLOOKUP($U80,$A:$I,4,FALSE) -> 0.614 | X80: =VLOOKUP($U80,$A:$I,5,FALSE) -> 1.866 | Y80: =VLOOKUP($U80,$A:$I,9,FALSE) -> 1.472
A81: =A80+0.25 -> 2044 | C81: =Results_from_model!C81 -> 1.456 | D81: =Results_from_model!D81 -> 2.175 | E81: =Results_from_model!E81 -> 2.816 | F81: =Results_from_model!F81 -> 2.269 | G81: =Results_from_model!G81 -> 2.402 | H81: =Results_from_model!H81 -> 3.329 | I81: =Results_from_model!I81 -> 2.903 | J81: =Results_from_model!J81 -> 4.394 | K81: =Results_from_model!K81 -> 1.262 | U81: 2037 | W81: =VLOOKUP($U81,$A:$I,4,FALSE) -> 0.809 | X81: =VLOOKUP($U81,$A:$I,5,FALSE) -> 2.025 | Y81: =VLOOKUP($U81,$A:$I,9,FALSE) -> 1.672
A82: =A81+0.25 -> 2044.25 | C82: =Results_from_model!C82 -> 1.465 | D82: =Results_from_model!D82 -> 2.221 | E82: =Results_from_model!E82 -> 2.836 | F82: =Results_from_model!F82 -> 2.3 | G82: =Results_from_model!G82 -> 2.462 | H82: =Results_from_model!H82 -> 3.365 | I82: =Results_from_model!I82 -> 2.941 | J82: =Results_from_model!J82 -> 4.458 | K82: =Results_from_model!K82 -> 1.26 | U82: 2038 | W82: =VLOOKUP($U82,$A:$I,4,FALSE) -> 1.007 | X82: =VLOOKUP($U82,$A:$I,5,FALSE) -> 2.17 | Y82: =VLOOKUP($U82,$A:$I,9,FALSE) -> 1.867
A83: =A82+0.25 -> 2044.5 | C83: =Results_from_model!C83 -> 1.475 | D83: =Results_from_model!D83 -> 2.266 | E83: =Results_from_model!E83 -> 2.856 | F83: =Results_from_model!F83 -> 2.331 | G83: =Results_from_model!G83 -> 2.522 | H83: =Results_from_model!H83 -> 3.4 | I83: =Results_from_model!I83 -> 2.978 | J83: =Results_from_model!J83 -> 4.52 | K83: =Results_from_model!K83 -> 1.258 | U83: 2039 | W83: =VLOOKUP($U83,$A:$I,4,FALSE) -> 1.208 | X83: =VLOOKUP($U83,$A:$I,5,FALSE) -> 2.303 | Y83: =VLOOKUP($U83,$A:$I,9,FALSE) -> 2.056
A84: =A83+0.25 -> 2044.75 | C84: =Results_from_model!C84 -> 1.484 | D84: =Results_from_model!D84 -> 2.311 | E84: =Results_from_model!E84 -> 2.875 | F84: =Results_from_model!F84 -> 2.362 | G84: =Results_from_model!G84 -> 2.582 | H84: =Results_from_model!H84 -> 3.436 | I84: =Results_from_model!I84 -> 3.015 | J84: =Results_from_model!J84 -> 4.581 | K84: =Results_from_model!K84 -> 1.257 | U84: 2040 | W84: =VLOOKUP($U84,$A:$I,4,FALSE) -> 1.407 | X84: =VLOOKUP($U84,$A:$I,5,FALSE) -> 2.424 | Y84: =VLOOKUP($U84,$A:$I,9,FALSE) -> 2.239
A85: =A84+0.25 -> 2045 | C85: =Results_from_model!C85 -> 1.493 | D85: =Results_from_model!D85 -> 2.355 | E85: =Results_from_model!E85 -> 2.894 | F85: =Results_from_model!F85 -> 2.393 | G85: =Results_from_model!G85 -> 2.642 | H85: =Results_from_model!H85 -> 3.471 | I85: =Results_from_model!I85 -> 3.051 | J85: =Results_from_model!J85 -> 4.641 | K85: =Results_from_model!K85 -> 1.256 | U85: 2041 | W85: =VLOOKUP($U85,$A:$I,4,FALSE) -> 1.605 | X85: =VLOOKUP($U85,$A:$I,5,FALSE) -> 2.536 | Y85: =VLOOKUP($U85,$A:$I,9,FALSE) -> 2.415
... A94: =A93+0.25 -> 2047.25 | C94: =Results_from_model!C94 -> 1.566 | D94: =Results_from_model!D94 -> 2.737 | E94: =Results_from_model!E94 -> 3.046 | F94: =Results_from_model!F94 -> 2.673 | G94: =Results_from_model!G94 -> 3.178 | H94: =Results_from_model!H94 -> 3.771 | I94: =Results_from_model!I94 -> 3.36 | J94: =Results_from_model!J94 -> 5.126 | K94: =Results_from_model!K94 -> 1.257 | U94: 2050 | W94: =VLOOKUP($U94,$A:$I,4,FALSE) -> 3.158 | X94: =VLOOKUP($U94,$A:$I,5,FALSE) -> 3.195 | Y94: =VLOOKUP($U94,$A:$I,9,FALSE) -> 3.69
A95: =A94+0.25 -> 2047.5 | C95: =Results_from_model!C95 -> 1.574 | D95: =Results_from_model!D95 -> 2.778 | E95: =Results_from_model!E95 -> 3.061 | F95: =Results_from_model!F95 -> 2.705 | G95: =Results_from_model!G95 -> 3.236 | H95: =Results_from_model!H95 -> 3.804 | I95: =Results_from_model!I95 -> 3.392 | J95: =Results_from_model!J95 -> 5.175 | K95: =Results_from_model!K95 -> 1.258
A96: =A95+0.25 -> 2047.75 | C96: =Results_from_model!C96 -> 1.581 | D96: =Results_from_model!D96 -> 2.818 | E96: =Results_from_model!E96 -> 3.076 | F96: =Results_from_model!F96 -> 2.736 | G96: =Results_from_model!G96 -> 3.295 | H96: =Results_from_model!H96 -> 3.835 | I96: =Results_from_model!I96 -> 3.424 | J96: =Results_from_model!J96 -> 5.222 | K96: =Results_from_model!K96 -> 1.26
A97: =A96+0.25 -> 2048 | C97: =Results_from_model!C97 -> 1.588 | D97: =Results_from_model!D97 -> 2.857 | E97: =Results_from_model!E97 -> 3.09 | F97: =Results_from_model!F97 -> 2.767 | G97: =Results_from_model!G97 -> 3.353 | H97: =Results_from_model!H97 -> 3.867 | I97: =Results_from_model!I97 -> 3.455 | J97: =Results_from_model!J97 -> 5.269 | K97: =Results_from_model!K97 -> 1.261
A98: =A97+0.25 -> 2048.25 | C98: =Results_from_model!C98 -> 1.595 | D98: =Results_from_model!D98 -> 2.896 | E98: =Results_from_model!E98 -> 3.105 | F98: =Results_from_model!F98 -> 2.799 | G98: =Results_from_model!G98 -> 3.412 | H98: =Results_from_model!H98 -> 3.898 | I98: =Results_from_model!I98 -> 3.486 | J98: =Results_from_model!J98 -> 5.314 | K98: =Results_from_model!K98 -> 1.263
A99: =A98+0.25 -> 2048.5 | C99: =Results_from_model!C99 -> 1.602 | D99: =Results_from_model!D99 -> 2.935 | E99: =Results_from_model!E99 -> 3.118 | F99: =Results_from_model!F99 -> 2.83 | G99: =Results_from_model!G99 -> 3.47 | H99: =Results_from_model!H99 -> 3.93 | I99: =Results_from_model!I99 -> 3.516 | J99: =Results_from_model!J99 -> 5.359 | K99: =Results_from_model!K99 -> 1.265
A100: =A99+0.25 -> 2048.75 | C100: =Results_from_model!C100 -> 1.609 | D100: =Results_from_model!D100 -> 2.973 | E100: =Results_from_model!E100 -> 3.132 | F100: =Results_from_model!F100 -> 2.862 | G100: =Results_from_model!G100 -> 3.528 | H100: =Results_from_model!H100 -> 3.961 | I100: =Results_from_model!I100 -> 3.546 | J100: =Results_from_model!J100 -> 5.402 | K100: =Results_from_model!K100 -> 1.267
A101: =A100+0.25 -> 2049 | C101: =Results_from_model!C101 -> 1.615 | D101: =Results_from_model!D101 -> 3.011 | E101: =Results_from_model!E101 -> 3.145 | F101: =Results_from_model!F101 -> 2.894 | G101: =Results_from_model!G101 -> 3.586 | H101: =Results_from_model!H101 -> 3.991 | I101: =Results_from_model!I101 -> 3.576 | J101: =Results_from_model!J101 -> 5.445 | K101: =Results_from_model!K101 -> 1.269
A102: =A101+0.25 -> 2049.25 | C102: =Results_from_model!C102 -> 1.622 | D102: =Results_from_model!D102 -> 3.049 | E102: =Results_from_model!E102 -> 3.158 | F102: =Results_from_model!F102 -> 2.926 | G102: =Results_from_model!G102 -> 3.643 | H102: =Results_from_model!H102 -> 4.022 | I102: =Results_from_model!I102 -> 3.605 | J102: =Results_from_model!J102 -> 5.487 | K102: =Results_from_model!K102 -> 1.271
A103: =A102+0.25 -> 2049.5 | C103: =Results_from_model!C103 -> 1.628 | D103: =Results_from_model!D103 -> 3.086 | E103: =Results_from_model!E103 -> 3.171 | F103: =Results_from_model!F103 -> 2.958 | G103: =Results_from_model!G103 -> 3.701 | H103: =Results_from_model!H103 -> 4.053 | I103: =Results_from_model!I103 -> 3.634 | J103: =Results_from_model!J103 -> 5.528 | K103: =Results_from_model!K103 -> 1.274
A104: =A103+0.25 -> 2049.75 | C104: =Results_from_model!C104 -> 1.634 | D104: =Results_from_model!D104 -> 3.122 | E104: =Results_from_model!E104 -> 3.183 | F104: =Results_from_model!F104 -> 2.99 | G104: =Results_from_model!G104 -> 3.758 | H104: =Results_from_model!H104 -> 4.083 | I104: =Results_from_model!I104 -> 3.662 | J104: =Results_from_model!J104 -> 5.568 | K104: =Results_from_model!K104 -> 1.276
A105: =A104+0.25 -> 2050 | C105: =Results_from_model!C105 -> 1.64 | D105: =Results_from_model!D105 -> 3.158 | E105: =Results_from_model!E105 -> 3.195 | F105: =Results_from_model!F105 -> 3.022 | G105: =Results_from_model!G105 -> 3.815 | H105: =Results_from_model!H105 -> 4.114 | I105: =Results_from_model!I105 -> 3.69 | J105: =Results_from_model!J105 -> 5.607 | K105: =Results_from_model!K105 -> 1.279

Sheet Not_used_Results_from_model_OLD
A1: 1 | B1: 2 | C1: 3 | D1: 4 | E1: 5 | F1: 6 | G1: 7 | H1: 8 | I1: 9 | N1: 2 | O1: 3 | P1: 4 | Q1: 5 | R1: 6 | S1: 7 | T1: 8 | U1: 9 | V1: 10 | W1: 11 | X1: 12 | Y1: 13
A2: AE | B2: Variables -> | C2: Model_HumanCapital_epsi_ig___yd | D2: Model_HumanCapital_epsi_cge___yd | E2: Model_HumanCapital_epsi_cgrd___yd | F2: Model_HumanCapital_epsi_igeff10y___yd | G2: Model_HumanCapital_epsi_cgeeff10y___yd | H2: Model_HumanCapital_epsi_cgrd_eff__yd | I2: Model_HumanCapital_epsi_cgeCgrd__yd | J2: Model_HumanCapital_epsi_cgeCgrd_advt__yd | K2: Model_HumanCapital_epsi_cgeCgrd_limt__yd | M2: EMDE | N2: EM_Model_HumanCapital_epsiig___yd | O2: EM_Model_HumanCapital_epsicge___yd | P2: EM_Model_HumanCapital_epsiigeff10y___yd | Q2: EM_Model_HumanCapital_epsicgeeff10y___yd | R2: EM_Model_HumanCapital_epsiigeff25y___yd | S2: EM_Model_HumanCapital_epsicgeeff25y___yd | T2: EM_Model_HumanCapital_epsiiglow__yd | U2: EM_Model_HumanCapital_epsicgelow__yd | V2: EM_Model_HumanCapital_epsiigeff10ylow__yd | W2: EM_Model_HumanCapital_epsicgeeff10ylow__yd | X2: EM_Model_HumanCapital_epsiigeff25ylow__yd | Y2: EM_Model_HumanCapital_epsicgeeff25ylow__yd
B3: Comments ->
B4: Class[Size] -> | C4: Series[201-by-1] | D4: Series[201-by-1] | E4: Series[201-by-1] | F4: Series[201-by-1] | G4: Series[201-by-1] | I4: Series[2002-by-1] | N4: Series[201-by-1] | O4: Series[201-by-1] | P4: Series[201-by-1] | Q4: Series[201-by-1] | R4: Series[201-by-1] | S4: Series[201-by-1]
A9: 2026 | C9: =HLOOKUP(C2,#REF!,6,FALSE) -> #REF! | D9: -0.175 | E9: -0.369 | F9: -0.177 | G9: -0.189 | H9: -0.42654873 | I9: -0.315 | J9: -0.78191876 | K9: 0.14670952 | N9: -0.075 | O9: 0.182 | P9: -0.272 | Q9: 0.492 | R9: -0.15 | S9: 0.362
A10: =A9+0.25 -> 2026.25 | C10: -0.075 | D10: -0.201 | E10: -0.376 | F10: -0.122 | G10: -0.22 | H10: -0.44013753 | I10: -0.332 | J10: -0.85200773 | K10: 0.18475969 | N10: 0.046 | O10: 0.093 | P10: -0.158 | Q10: 0.372 | R10: -0.034 | S10: 0.259
A11: =A10+0.25 -> 2026.5 | C11: -0.02 | D11: -0.224 | E11: -0.364 | F11: -0.067 | G11: -0.248 | H11: -0.43523672 | I11: -0.336 | J11: -0.90709675 | K11: 0.23651489 | N11: 0.165 | O11: 0.014 | P11: -0.04 | Q11: 0.26 | R11: 0.083 | S11: 0.165
A12: =A11+0.25 -> 2026.75 | C12: 0.034 | D12: -0.243 | E12: -0.337 | F12: -0.014 | G12: -0.273 | H12: -0.41487159 | I12: -0.328 | J12: -0.94757748 | K12: 0.29705413 | N12: 0.282 | O12: -0.054 | P12: 0.078 | Q12: 0.157 | R12: 0.199 | S12: 0.081
A13: =A12+0.25 -> 2027 | C13: 0.087 | D13: -0.259 | E13: -0.298 | F13: 0.039 | G13: -0.295 | H13: -0.38216391 | I13: -0.312 | J13: -0.9750975 | K13: 0.36350619 | N13: 0.396 | O13: -0.11 | P13: 0.197 | Q13: 0.066 | R13: 0.313 | S13: 0.01
A14: =A13+0.25 -> 2027.25 | C14: 0.138 | D14: -0.272 | E14: -0.25 | F14: 0.09 | G14: -0.313 | H14: -0.33979807 | I14: -0.287 | J14: -0.99201143 | K14: 0.43460707 | N14: 0.506 | O14: -0.155 | P14: 0.316 | Q14: -0.014 | R14: 0.425 | S14: -0.051
A15: =A14+0.25 -> 2027.5 | C15: 0.188 | D15: -0.281 | E15: -0.196 | F15: 0.141 | G15: -0.327 | H15: -0.28995539 | I15: -0.257 | J15: -0.99986603 | K15: 0.50888041 | N15: 0.612 | O15: -0.189 | P15: 0.436 | Q15: -0.083 | R15: 0.534 | S15: -0.101
A16: =A15+0.25 -> 2027.75 | C16: 0.236 | D16: -0.287 | E16: -0.136 | F16: 0.19 | G16: -0.338 | H16: -0.23437239 | I16: -0.222 | J16: -0.99918492 | K16: 0.58433302 | N16: 0.716 | O16: -0.213 | P16: 0.555 | Q16: -0.142 | R16: 0.642 | S16: -0.141
A17: =A16+0.25 -> 2028 | C17: 0.283 | D17: -0.289 | E17: -0.072 | F17: 0.239 | G17: -0.346 | H17: -0.17442063 | I17: -0.184 | J17: -0.99084891 | K17: 0.6599488 | N17: 0.816 | O17: -0.228 | P17: 0.674 | Q17: -0.19 | R17: 0.748 | S17: -0.172
A18: =A17+0.25 -> 2028.25 | C18: 0.329 | D18: -0.289 | E18: -0.006 | F18: 0.286 | G18: -0.35 | H18: -0.11117975 | I18: -0.142 | J18: -0.97633782 | K18: 0.73579093 | N18: 0.913 | O18: -0.233 | P18: 0.792 | Q18: -0.228 | R18: 0.852 | S18: -0.192
A19: =A18+0.25 -> 2028.5 | C19: 0.374 | D19: -0.286 | E19: 0.061 | F19: 0.333 | G19: -0.352 | H19: -0.045498186 | I19: -0.098 | J19: -0.95640724 | K19: 0.81138165 | N19: 1.007 | O19: -0.231 | P19: 0.911 | Q19: -0.257 | R19: 0.954 | S19: -0.205
A20: =A19+0.25 -> 2028.75 | C20: 0.417 | D20: -0.28 | E20: 0.13 | F20: 0.379 | G20: -0.351 | H20: 0.021958332 | I20: -0.052 | J20: -0.93093781 | K20: 0.88554596 | N20: 1.098 | O20: -0.221 | P20: 1.029 | Q20: -0.276 | R20: 1.054 | S20: -0.208
A21: =A20+0.25 -> 2029 | C21: 0.459 | D21: -0.272 | E21: 0.199 | F21: 0.424 | G21: -0.346 | H21: 0.090668181 | I21: -0.005 | J21: -0.90087384 | K21: 0.95848518 | N21: 1.186 | O21: -0.204 | P21: 1.147 | Q21: -0.286 | R21: 1.152 | S21: -0.204
... A105: =A104+0.25 -> 2050 | C105: 2.155 | D105: 3.285 | E105: 3.211 | F105: 2.63 | G105: 4.141 | H105: 4.1821142 | I105: 3.699 | J105: 5.6944956 | K105: 1.2409603 | N105: 3.746 | O105: 5.464 | P105: 7.147 | Q105: 10.387 | R105: 6.147 | S105: 7.872
C108: =C105-Results_from_model!C105 -> 0.515 | D108: =D105-Results_from_model!D105 -> 0.127 | E108: =E105-Results_from_model!E105 -> 0.016 | F108: =F105-Results_from_model!F105 -> -0.392 | G108: =G105-Results_from_model!G105 -> 0.326 | H108: =H105-Results_from_model!H105 -> 0.068114225 | I108: =I105-Results_from_model!I105 -> 0.009 | J108: =J105-Results_from_model!J105 -> 0.087495561 | ... S108: =S105-Results_from_model!S105 -> -0.113

Sheet Annex_Joint_EM
A1: 1
B2: Variables -> | C2: EM_Model_HumanCapital_epsiig___yd | D2: EM_Model_HumanCapital_epsicge___yd | E2: EM_Model_HumanCapital_epsiigCge___yd | F2: EM_Model_HumanCapital_epsiigCgeVarShare___yd
B3: Comments ->
B4: Class[Size] -> | C4: Series[201-by-1] | D4: Series[201-by-1] | E4: Series[201-by-1] | F4: Series[201-by-1]
B5: 0Q4
B6: 1Q1
B7: 1Q2 | K7: Infrastructure investment | L7: Human capital investment | M7: Human capital investment+Infrastructure investment
B8: 1Q3 | J8: 2026 | K8: =VLOOKUP(J8,A:F,3,FALSE) -> -0.063 | L8: =VLOOKUP(J8,A:F,4,FALSE) -> 0.177 | M8: =VLOOKUP(J8,A:F,5,FALSE) -> 0.087 | N8: =VLOOKUP(J8,A:F,6,FALSE) -> 0.116
A9: 2026 | B9: 1Q4 | C9: =HLOOKUP(C$2,Models_Results!$B:$AAS,$H9,FALSE) -> -0.063 | D9: =HLOOKUP(D$2,Models_Results!$B:$AAS,$H9,FALSE) -> 0.177 | E9: =HLOOKUP(E$2,Models_Results!$B:$AAS,$H9,FALSE) -> 0.087 | F9: =HLOOKUP(F$2,Models_Results!$B:$AAS,$H9,FALSE) -> 0.116 | H9: 6 | J9: 2027 | K9: =VLOOKUP(J9,A:F,3,FALSE) -> 0.387 | L9: =VLOOKUP(J9,A:F,4,FALSE) -> -0.125 | M9: =VLOOKUP(J9,A:F,5,FALSE) -> 0.154 | N9: =VLOOKUP(J9,A:F,6,FALSE) -> 0.184
A10: =A9+0.25 -> 2026.25 | B10: 2Q1 | C10: =HLOOKUP(C$2,Models_Results!$B:$AAS,$H10,FALSE) -> 0.052 | D10: =HLOOKUP(D$2,Models_Results!$B:$AAS,$H10,FALSE) -> 0.082 | E10: =HLOOKUP(E$2,Models_Results!$B:$AAS,$H10,FALSE) -> 0.096 | F10: =HLOOKUP(F$2,Models_Results!$B:$AAS,$H10,FALSE) -> 0.125 | H10: 7 | J10: 2028 | K10: =VLOOKUP(J10,A:F,3,FALSE) -> 0.791 | L10: =VLOOKUP(J10,A:F,4,FALSE) -> -0.233 | M10: =VLOOKUP(J10,A:F,5,FALSE) -> 0.295 | N10: =VLOOKUP(J10,A:F,6,FALSE) -> 0.327
A11: =A10+0.25 -> 2026.5 | B11: 2Q2 | C11: =HLOOKUP(C$2,Models_Results!$B:$AAS,$H11,FALSE) -> 0.166 | D11: =HLOOKUP(D$2,Models_Results!$B:$AAS,$H11,FALSE) -> 0 | E11: =HLOOKUP(E$2,Models_Results!$B:$AAS,$H11,FALSE) -> 0.11 | F11: =HLOOKUP(F$2,Models_Results!$B:$AAS,$H11,FALSE) -> 0.139 | H11: 8 | J11: 2029 | K11: =VLOOKUP(J11,A:F,3,FALSE) -> 1.15 | L11: =VLOOKUP(J11,A:F,4,FALSE) -> -0.187 | M11: =VLOOKUP(J11,A:F,5,FALSE) -> 0.492 | N11: =VLOOKUP(J11,A:F,6,FALSE) -> 0.526
A12: =A11+0.25 -> 2026.75 | B12: 2Q3 | C12: =HLOOKUP(C$2,Models_Results!$B:$AAS,$H12,FALSE) -> 0.278 | D12: =HLOOKUP(D$2,Models_Results!$B:$AAS,$H12,FALSE) -> -0.069 | E12: =HLOOKUP(E$2,Models_Results!$B:$AAS,$H12,FALSE) -> 0.129 | F12: =HLOOKUP(F$2,Models_Results!$B:$AAS,$H12,FALSE) -> 0.159 | H12: 9 | J12: 2030 | K12: =VLOOKUP(J12,A:F,3,FALSE) -> 1.468 | L12: =VLOOKUP(J12,A:F,4,FALSE) -> -0.028 | M12: =VLOOKUP(J12,A:F,5,FALSE) -> 0.728 | N12: =VLOOKUP(J12,A:F,6,FALSE) -> 0.765
A13: =A12+0.25 -> 2027 | B13: 2Q4 | C13: =HLOOKUP(C$2,Models_Results!$B:$AAS,$H13,FALSE) -> 0.387 | D13: =HLOOKUP(D$2,Models_Results!$B:$AAS,$H13,FALSE) -> -0.125 | E13: =HLOOKUP(E$2,Models_Results!$B:$AAS,$H13,FALSE) -> 0.154 | F13: =HLOOKUP(F$2,Models_Results!$B:$AAS,$H13,FALSE) -> 0.184 | H13: 10 | J13: 2031 | K13: =VLOOKUP(J13,A:F,3,FALSE) -> 1.749 | L13: =VLOOKUP(J13,A:F,4,FALSE) -> 0.212 | M13: =VLOOKUP(J13,A:F,5,FALSE) -> 0.99 | N13: =VLOOKUP(J13,A:F,6,FALSE) -> 1.031
A14: =A13+0.25 -> 2027.25 | B14: 3Q1 | C14: =HLOOKUP(C$2,Models_Results!$B:$AAS,$H14,FALSE) -> 0.493 | D14: =HLOOKUP(D$2,Models_Results!$B:$AAS,$H14,FALSE) -> -0.169 | E14: =HLOOKUP(E$2,Models_Results!$B:$AAS,$H14,FALSE) -> 0.183 | F14: =HLOOKUP(F$2,Models_Results!$B:$AAS,$H14,FALSE) -> 0.213 | H14: 11 | J14: 2032 | K14: =VLOOKUP(J14,A:F,3,FALSE) -> 1.998 | L14: =VLOOKUP(J14,A:F,4,FALSE) -> 0.509 | M14: =VLOOKUP(J14,A:F,5,FALSE) -> 1.267 | N14: =VLOOKUP(J14,A:F,6,FALSE) -> 1.315
A15: =A14+0.25 -> 2027.5 | B15: 3Q2 | C15: =HLOOKUP(C$2,Models_Results!$B:$AAS,$H15,FALSE) -> 0.595 | D15: =HLOOKUP(D$2,Models_Results!$B:$AAS,$H15,FALSE) -> -0.201 | E15: =HLOOKUP(E$2,Models_Results!$B:$AAS,$H15,FALSE) -> 0.217 | F15: =HLOOKUP(F$2,Models_Results!$B:$AAS,$H15,FALSE) -> 0.247 | H15: 12 | J15: 2033 | K15: =VLOOKUP(J15,A:F,3,FALSE) -> 2.218 | L15: =VLOOKUP(J15,A:F,4,FALSE) -> 0.843 | M15: =VLOOKUP(J15,A:F,5,FALSE) -> 1.553 | N15: =VLOOKUP(J15,A:F,6,FALSE) -> 1.61
A16: =A15+0.25 -> 2027.75 | B16: 3Q3 | C16: =HLOOKUP(C$2,Models_Results!$B:$AAS,$H16,FALSE) -> 0.695 | D16: =HLOOKUP(D$2,Models_Results!$B:$AAS,$H16,FALSE) -> -0.222 | E16: =HLOOKUP(E$2,Models_Results!$B:$AAS,$H16,FALSE) -> 0.254 | F16: =HLOOKUP(F$2,Models_Results!$B:$AAS,$H16,FALSE) -> 0.285 | H16: 13 | J16: 2034 | K16: =VLOOKUP(J16,A:F,3,FALSE) -> 2.413 | L16: =VLOOKUP(J16,A:F,4,FALSE) -> 1.199 | M16: =VLOOKUP(J16,A:F,5,FALSE) -> 1.84 | N16: =VLOOKUP(J16,A:F,6,FALSE) -> 1.909
A17: =A16+0.25 -> 2028 | B17: 3Q4 | C17: =HLOOKUP(C$2,Models_Results!$B:$AAS,$H17,FALSE) -> 0.791 | D17: =HLOOKUP(D$2,Models_Results!$B:$AAS,$H17,FALSE) -> -0.233 | E17: =HLOOKUP(E$2,Models_Results!$B:$AAS,$H17,FALSE) -> 0.295 | F17: =HLOOKUP(F$2,Models_Results!$B:$AAS,$H17,FALSE) -> 0.327 | H17: 14 | J17: 2035 | K17: =VLOOKUP(J17,A:F,3,FALSE) -> 2.584 | L17: =VLOOKUP(J17,A:F,4,FALSE) -> 1.567 | M17: =VLOOKUP(J17,A:F,5,FALSE) -> 2.124 | N17: =VLOOKUP(J17,A:F,6,FALSE) -> 2.208
A18: =A17+0.25 -> 2028.25 | B18: 4Q1 | C18: =HLOOKUP(C$2,Models_Results!$B:$AAS,$H18,FALSE) -> 0.885 | D18: =HLOOKUP(D$2,Models_Results!$B:$AAS,$H18,FALSE) -> -0.234 | E18: =HLOOKUP(E$2,Models_Results!$B:$AAS,$H18,FALSE) -> 0.34 | F18: =HLOOKUP(F$2,Models_Results!$B:$AAS,$H18,FALSE) -> 0.372 | H18: 15 | J18: 2036 | K18: =VLOOKUP(J18,A:F,3,FALSE) -> 2.736 | L18: =VLOOKUP(J18,A:F,4,FALSE) -> 1.936 | M18: =VLOOKUP(J18,A:F,5,FALSE) -> 2.4 | N18: =VLOOKUP(J18,A:F,6,FALSE) -> 2.477
A19: =A18+0.25 -> 2028.5 | B19: 4Q2 | C19: =HLOOKUP(C$2,Models_Results!$B:$AAS,$H19,FALSE) -> 0.976 | D19: =HLOOKUP(D$2,Models_Results!$B:$AAS,$H19,FALSE) -> -0.226 | E19: =HLOOKUP(E$2,Models_Results!$B:$AAS,$H19,FALSE) -> 0.388 | F19: =HLOOKUP(F$2,Models_Results!$B:$AAS,$H19,FALSE) -> 0.42 | H19: 16 | J19: 2037 | K19: =VLOOKUP(J19,A:F,3,FALSE) -> 2.87 | L19: =VLOOKUP(J19,A:F,4,FALSE) -> 2.302 | M19: =VLOOKUP(J19,A:F,5,FALSE) -> 2.668 | N19: =VLOOKUP(J19,A:F,6,FALSE) -> 2.671
A20: =A19+0.25 -> 2028.75 | B20: 4Q3 | C20: =HLOOKUP(C$2,Models_Results!$B:$AAS,$H20,FALSE) -> 1.064 | D20: =HLOOKUP(D$2,Models_Results!$B:$AAS,$H20,FALSE) -> -0.21 | E20: =HLOOKUP(E$2,Models_Results!$B:$AAS,$H20,FALSE) -> 0.439 | F20: =HLOOKUP(F$2,Models_Results!$B:$AAS,$H20,FALSE) -> 0.472 | H20: 17 | J20: 2038 | K20: =VLOOKUP(J20,A:F,3,FALSE) -> 2.988 | L20: =VLOOKUP(J20,A:F,4,FALSE) -> 2.659 | M20: =VLOOKUP(J20,A:F,5,FALSE) -> 2.924 | N20: =VLOOKUP(J20,A:F,6,FALSE) -> 2.807
A21: =A20+0.25 -> 2029 | B21: 4Q4 | C21: =HLOOKUP(C$2,Models_Results!$B:$AAS,$H21,FALSE) -> 1.15 | D21: =HLOOKUP(D$2,Models_Results!$B:$AAS,$H21,FALSE) -> -0.187 | E21: =HLOOKUP(E$2,Models_Results!$B:$AAS,$H21,FALSE) -> 0.492 | F21: =HLOOKUP(F$2,Models_Results!$B:$AAS,$H21,FALSE) -> 0.526 | H21: 18 | J21: 2039 | K21: =VLOOKUP(J21,A:F,3,FALSE) -> 3.091 | L21: =VLOOKUP(J21,A:F,4,FALSE) -> 3.003 | M21: =VLOOKUP(J21,A:F,5,FALSE) -> 3.168 | N21: =VLOOKUP(J21,A:F,6,FALSE) -> 2.95
... A32: =A31+0.25 -> 2031.75 | B32: 7Q3 | C32: =HLOOKUP(C$2,Models_Results!$B:$AAS,$H32,FALSE) -> 1.938 | D32: =HLOOKUP(D$2,Models_Results!$B:$AAS,$H32,FALSE) -> 0.43 | E32: =HLOOKUP(E$2,Models_Results!$B:$AAS,$H32,FALSE) -> 1.197 | F32: =HLOOKUP(F$2,Models_Results!$B:$AAS,$H32,FALSE) -> 1.243 | H32: 29 | J32: 2050 | K32: =VLOOKUP(J32,A:F,3,FALSE) -> 3.666 | L32: =VLOOKUP(J32,A:F,4,FALSE) -> 5.698 | M32: =VLOOKUP(J32,A:F,5,FALSE) -> 4.989 | N32: =VLOOKUP(J32,A:F,6,FALSE) -> 4.886
A33: =A32+0.25 -> 2032 | B33: 7Q4 | C33: =HLOOKUP(C$2,Models_Results!$B:$AAS,$H33,FALSE) -> 1.998 | D33: =HLOOKUP(D$2,Models_Results!$B:$AAS,$H33,FALSE) -> 0.509 | E33: =HLOOKUP(E$2,Models_Results!$B:$AAS,$H33,FALSE) -> 1.267 | F33: =HLOOKUP(F$2,Models_Results!$B:$AAS,$H33,FALSE) -> 1.315 | H33: 30
A34: =A33+0.25 -> 2032.25 | B34: 8Q1 | C34: =HLOOKUP(C$2,Models_Results!$B:$AAS,$H34,FALSE) -> 2.056 | D34: =HLOOKUP(D$2,Models_Results!$B:$AAS,$H34,FALSE) -> 0.589 | E34: =HLOOKUP(E$2,Models_Results!$B:$AAS,$H34,FALSE) -> 1.338 | F34: =HLOOKUP(F$2,Models_Results!$B:$AAS,$H34,FALSE) -> 1.388 | H34: 31
A35: =A34+0.25 -> 2032.5 | B35: 8Q2 | C35: =HLOOKUP(C$2,Models_Results!$B:$AAS,$H35,FALSE) -> 2.111 | D35: =HLOOKUP(D$2,Models_Results!$B:$AAS,$H35,FALSE) -> 0.672 | E35: =HLOOKUP(E$2,Models_Results!$B:$AAS,$H35,FALSE) -> 1.41 | F35: =HLOOKUP(F$2,Models_Results!$B:$AAS,$H35,FALSE) -> 1.462 | H35: 32
A36: =A35+0.25 -> 2032.75 | B36: 8Q3 | C36: =HLOOKUP(C$2,Models_Results!$B:$AAS,$H36,FALSE) -> 2.166 | D36: =HLOOKUP(D$2,Models_Results!$B:$AAS,$H36,FALSE) -> 0.757 | E36: =HLOOKUP(E$2,Models_Results!$B:$AAS,$H36,FALSE) -> 1.481 | F36: =HLOOKUP(F$2,Models_Results!$B:$AAS,$H36,FALSE) -> 1.535 | H36: 33
A37: =A36+0.25 -> 2033 | B37: 8Q4 | C37: =HLOOKUP(C$2,Models_Results!$B:$AAS,$H37,FALSE) -> 2.218 | D37: =HLOOKUP(D$2,Models_Results!$B:$AAS,$H37,FALSE) -> 0.843 | E37: =HLOOKUP(E$2,Models_Results!$B:$AAS,$H37,FALSE) -> 1.553 | F37: =HLOOKUP(F$2,Models_Results!$B:$AAS,$H37,FALSE) -> 1.61 | H37: 34
A38: =A37+0.25 -> 2033.25 | B38: 9Q1 | C38: =HLOOKUP(C$2,Models_Results!$B:$AAS,$H38,FALSE) -> 2.269 | D38: =HLOOKUP(D$2,Models_Results!$B:$AAS,$H38,FALSE) -> 0.93 | E38: =HLOOKUP(E$2,Models_Results!$B:$AAS,$H38,FALSE) -> 1.625 | F38: =HLOOKUP(F$2,Models_Results!$B:$AAS,$H38,FALSE) -> 1.684 | H38: 35
A39: =A38+0.25 -> 2033.5 | B39: 9Q2 | C39: =HLOOKUP(C$2,Models_Results!$B:$AAS,$H39,FALSE) -> 2.318 | D39: =HLOOKUP(D$2,Models_Results!$B:$AAS,$H39,FALSE) -> 1.019 | E39: =HLOOKUP(E$2,Models_Results!$B:$AAS,$H39,FALSE) -> 1.696 | F39: =HLOOKUP(F$2,Models_Results!$B:$AAS,$H39,FALSE) -> 1.759 | H39: 36
A40: =A39+0.25 -> 2033.75 | B40: 9Q3 | C40: =HLOOKUP(C$2,Models_Results!$B:$AAS,$H40,FALSE) -> 2.366 | D40: =HLOOKUP(D$2,Models_Results!$B:$AAS,$H40,FALSE) -> 1.109 | E40: =HLOOKUP(E$2,Models_Results!$B:$AAS,$H40,FALSE) -> 1.768 | F40: =HLOOKUP(F$2,Models_Results!$B:$AAS,$H40,FALSE) -> 1.834 | H40: 37
A41: =A40+0.25 -> 2034 | B41: 9Q4 | C41: =HLOOKUP(C$2,Models_Results!$B:$AAS,$H41,FALSE) -> 2.413 | D41: =HLOOKUP(D$2,Models_Results!$B:$AAS,$H41,FALSE) -> 1.199 | E41: =HLOOKUP(E$2,Models_Results!$B:$AAS,$H41,FALSE) -> 1.84 | F41: =HLOOKUP(F$2,Models_Results!$B:$AAS,$H41,FALSE) -> 1.909 | H41: 38
A42: =A41+0.25 -> 2034.25 | B42: 10Q1 | C42: =HLOOKUP(C$2,Models_Results!$B:$AAS,$H42,FALSE) -> 2.458 | D42: =HLOOKUP(D$2,Models_Results!$B:$AAS,$H42,FALSE) -> 1.29 | E42: =HLOOKUP(E$2,Models_Results!$B:$AAS,$H42,FALSE) -> 1.911 | F42: =HLOOKUP(F$2,Models_Results!$B:$AAS,$H42,FALSE) -> 1.984 | H42: 39
A43: =A42+0.25 -> 2034.5 | B43: 10Q2 | C43: =HLOOKUP(C$2,Models_Results!$B:$AAS,$H43,FALSE) -> 2.501 | D43: =HLOOKUP(D$2,Models_Results!$B:$AAS,$H43,FALSE) -> 1.382 | E43: =HLOOKUP(E$2,Models_Results!$B:$AAS,$H43,FALSE) -> 1.982 | F43: =HLOOKUP(F$2,Models_Results!$B:$AAS,$H43,FALSE) -> 2.059 | H43: 40
A44: =A43+0.25 -> 2034.75 | B44: 10Q3 | C44: =HLOOKUP(C$2,Models_Results!$B:$AAS,$H44,FALSE) -> 2.543 | D44: =HLOOKUP(D$2,Models_Results!$B:$AAS,$H44,FALSE) -> 1.474 | E44: =HLOOKUP(E$2,Models_Results!$B:$AAS,$H44,FALSE) -> 2.053 | F44: =HLOOKUP(F$2,Models_Results!$B:$AAS,$H44,FALSE) -> 2.134 | H44: 41
... A105: =A104+0.25 -> 2050 | B105: 25Q4 | C105: =HLOOKUP(C$2,Models_Results!$B:$AAS,$H105,FALSE) -> 3.666 | D105: =HLOOKUP(D$2,Models_Results!$B:$AAS,$H105,FALSE) -> 5.698 | E105: =HLOOKUP(E$2,Models_Results!$B:$AAS,$H105,FALSE) -> 4.989 | F105: =HLOOKUP(F$2,Models_Results!$B:$AAS,$H105,FALSE) -> 4.886 | H105: 102
B106: 26Q1 | C106: =HLOOKUP(C$2,Models_Results!$B:$AAS,$H106,FALSE) -> 3.672 | D106: =HLOOKUP(D$2,Models_Results!$B:$AAS,$H106,FALSE) -> 5.737 | E106: =HLOOKUP(E$2,Models_Results!$B:$AAS,$H106,FALSE) -> 5.015 | F106: =HLOOKUP(F$2,Models_Results!$B:$AAS,$H106,FALSE) -> 4.923 | H106: 103
B107: 26Q2 | C107: =HLOOKUP(C$2,Models_Results!$B:$AAS,$H107,FALSE) -> 3.678 | D107: =HLOOKUP(D$2,Models_Results!$B:$AAS,$H107,FALSE) -> 5.775 | E107: =HLOOKUP(E$2,Models_Results!$B:$AAS,$H107,FALSE) -> 5.04 | F107: =HLOOKUP(F$2,Models_Results!$B:$AAS,$H107,FALSE) -> 4.959 | H107: 104
B108: 26Q3 | C108: =HLOOKUP(C$2,Models_Results!$B:$AAS,$H108,FALSE) -> 3.683 | D108: =HLOOKUP(D$2,Models_Results!$B:$AAS,$H108,FALSE) -> 5.812 | E108: =HLOOKUP(E$2,Models_Results!$B:$AAS,$H108,FALSE) -> 5.064 | F108: =HLOOKUP(F$2,Models_Results!$B:$AAS,$H108,FALSE) -> 4.994 | H108: 105
B109: 26Q4 | C109: =HLOOKUP(C$2,Models_Results!$B:$AAS,$H109,FALSE) -> 3.688 | D109: =HLOOKUP(D$2,Models_Results!$B:$AAS,$H109,FALSE) -> 5.848 | E109: =HLOOKUP(E$2,Models_Results!$B:$AAS,$H109,FALSE) -> 5.088 | F109: =HLOOKUP(F$2,Models_Results!$B:$AAS,$H109,FALSE) -> 5.029 | H109: 106
B110: 27Q1 | C110: =HLOOKUP(C$2,Models_Results!$B:$AAS,$H110,FALSE) -> 3.693 | D110: =HLOOKUP(D$2,Models_Results!$B:$AAS,$H110,FALSE) -> 5.884 | E110: =HLOOKUP(E$2,Models_Results!$B:$AAS,$H110,FALSE) -> 5.111 | F110: =HLOOKUP(F$2,Models_Results!$B:$AAS,$H110,FALSE) -> 5.064 | H110: 107
B111: 27Q2 | C111: =HLOOKUP(C$2,Models_Results!$B:$AAS,$H111,FALSE) -> 3.698 | D111: =HLOOKUP(D$2,Models_Results!$B:$AAS,$H111,FALSE) -> 5.919 | E111: =HLOOKUP(E$2,Models_Results!$B:$AAS,$H111,FALSE) -> 5.133 | F111: =HLOOKUP(F$2,Models_Results!$B:$AAS,$H111,FALSE) -> 5.098 | H111: 108
B112: 27Q3 | C112: =HLOOKUP(C$2,Models_Results!$B:$AAS,$H112,FALSE) -> 3.703 | D112: =HLOOKUP(D$2,Models_Results!$B:$AAS,$H112,FALSE) -> 5.953 | E112: =HLOOKUP(E$2,Models_Results!$B:$AAS,$H112,FALSE) -> 5.156 | F112: =HLOOKUP(F$2,Models_Results!$B:$AAS,$H112,FALSE) -> 5.131 | H112: 109
B113: 27Q4 | C113: =HLOOKUP(C$2,Models_Results!$B:$AAS,$H113,FALSE) -> 3.708 | D113: =HLOOKUP(D$2,Models_Results!$B:$AAS,$H113,FALSE) -> 5.986 | E113: =HLOOKUP(E$2,Models_Results!$B:$AAS,$H113,FALSE) -> 5.177 | F113: =HLOOKUP(F$2,Models_Results!$B:$AAS,$H113,FALSE) -> 5.164 | H113: 110
B114: 28Q1 | C114: =HLOOKUP(C$2,Models_Results!$B:$AAS,$H114,FALSE) -> 3.712 | D114: =HLOOKUP(D$2,Models_Results!$B:$AAS,$H114,FALSE) -> 6.019 | E114: =HLOOKUP(E$2,Models_Results!$B:$AAS,$H114,FALSE) -> 5.198 | F114: =HLOOKUP(F$2,Models_Results!$B:$AAS,$H114,FALSE) -> 5.196 | H114: 111
B115: 28Q2 | C115: =HLOOKUP(C$2,Models_Results!$B:$AAS,$H115,FALSE) -> 3.717 | D115: =HLOOKUP(D$2,Models_Results!$B:$AAS,$H115,FALSE) -> 6.051 | E115: =HLOOKUP(E$2,Models_Results!$B:$AAS,$H115,FALSE) -> 5.219 | F115: =HLOOKUP(F$2,Models_Results!$B:$AAS,$H115,FALSE) -> 5.227 | H115: 112
B116: 28Q3 | C116: =HLOOKUP(C$2,Models_Results!$B:$AAS,$H116,FALSE) -> 3.721 | D116: =HLOOKUP(D$2,Models_Results!$B:$AAS,$H116,FALSE) -> 6.082 | E116: =HLOOKUP(E$2,Models_Results!$B:$AAS,$H116,FALSE) -> 5.239 | F116: =HLOOKUP(F$2,Models_Results!$B:$AAS,$H116,FALSE) -> 5.258 | H116: 113
B117: 28Q4 | C117: =HLOOKUP(C$2,Models_Results!$B:$AAS,$H117,FALSE) -> 3.725 | D117: =HLOOKUP(D$2,Models_Results!$B:$AAS,$H117,FALSE) -> 6.112 | E117: =HLOOKUP(E$2,Models_Results!$B:$AAS,$H117,FALSE) -> 5.259 | F117: =HLOOKUP(F$2,Models_Results!$B:$AAS,$H117,FALSE) -> 5.289 | H117: 114
... B205: 50Q4 | C205: =HLOOKUP(C$2,Models_Results!$B:$AAS,$H205,FALSE) -> 3.841 | D205: =HLOOKUP(D$2,Models_Results!$B:$AAS,$H205,FALSE) -> 7.198 | E205: =HLOOKUP(E$2,Models_Results!$B:$AAS,$H205,FALSE) -> 5.952 | F205: =HLOOKUP(F$2,Models_Results!$B:$AAS,$H205,FALSE) -> 6.486 | H205: 202

Sheet Annex_Figure2
A1: 1 | B1: 2 | C1: 3 | D1: 4 | E1: 5 | F1: 6 | G1: 7 | H1: 8 | I1: 9 | J1: 10 | K1: 11 | L1: 12 | M1: 13 | N1: 14 | O1: 15 | AD1: 6 | AG1: 2 | AJ1: 14 | AK1: 15 | AL1: 6
A2: Variables -> | B2: =Results_from_model!N2 -> EM_Model_HumanCapital_epsiig___yd | C2: =Results_from_model!O2 -> EM_Model_HumanCapital_epsicge___yd | D2: =Results_from_model!P2 -> EM_Model_HumanCapital_epsiigeff30y___yd | E2: =Results_from_model!Q2 -> EM_Model_HumanCapital_epsicgeeff30y___yd | F2: =Results_from_model!R2 -> EM_Model_HumanCapital_epsiigeff25y___yd | G2: =Results_from_model!S2 -> EM_Model_HumanCapital_epsicgeeff25y___yd | H2: =Results_from_model!T2 -> EM_Model_HumanCapital_epsiiglow___yd | I2: =Results_from_model!U2 -> EM_Model_HumanCapital_epsicgelow___yd | J2: EM_Model_HumanCapital_epsiigeff15ylow___yd | K2: EM_Model_HumanCapital_epsicgeeff15ylow___yd | L2: =Results_from_model!X2 -> EM_Model_HumanCapital_epsiigeff25ylow___yd | M2: =Results_from_model!Y2 -> EM_Model_HumanCapital_epsicgeeff25ylow___yd | N2: =Results_from_model!Z2 -> EM_Model_HumanCapital_epsiigeff25y_al___yd | O2: =Results_from_model!AA2 -> EM_Model_HumanCapital_epsicgeeff25y_al___yd | AD2: EM_Model_HumanCapital_epsiigeff25y___yd | AG2: EM_Model_HumanCapital_epsiig___yd | AJ2: EM_Model_HumanCapital_epsiigeff25y_al___yd | AK2: EM_Model_HumanCapital_epsicgeeff25y_al___yd | AL2: EM_Model_HumanCapital_epsiigeff25y___yd
A3: Comments ->
A4: Class[Size] -> | B4: Series[201-by-1] | C4: Series[201-by-1] | D4: Series[201-by-1] | E4: Series[201-by-1] | F4: Series[201-by-1] | G4: Series[201-by-1] | AD4: Series[201-by-1] | AG4: Series[201-by-1] | AL4: Series[201-by-1]
AC5: 0 | AF5: 0 | AI5: 0 | AO5: 0 | AP5: 0 | AQ5: 0
AC6: 0.058637732 | AF6: -0.74619317 | AI6: 0.27276259 | AO6: 0.34985225 | AP6: 0.058637732 | AQ6: 0.16478001
AC7: -0.45513589 | AF7: -0.26584627 | AI7: -0.42869065 | AO7: -0.42515368 | AP7: -0.45513589 | AQ7: -0.44180603
AC8: -0.39125716 | AF8: -0.17377025 | AI8: -0.38240962 | AO8: -0.3840147 | AP8: -0.39125716 | AQ8: -0.38663601
A9: 1Q4 | B9: =Results_from_model!N9 -> -0.063 | C9: =Results_from_model!O9 -> 0.177 | D9: =Results_from_model!P9 -> -0.457 | E9: =Results_from_model!Q9 -> 0.409 | F9: =Results_from_model!R9 -> -0.299 | G9: =Results_from_model!S9 -> 0.341 | H9: =Results_from_model!T9 -> -0.063 | I9: =Results_from_model!U9 -> 0.177 | ... O9: =Results_from_model!AA9 -> 0.31 | AC9: -0.29858589 | AD9: -0.299 | AF9: -0.062858632 | AG9: -0.063 | AI9: -0.30932462 | AJ9: -0.351 | AK9: 0.31 | AL9: -0.299 | AM9: -0.3507807 | AN9: =AM9-N9 -> 0.00021929876 | AO9: -0.31636592 | AP9: -0.29858589 | AQ9: -0.30370513
A10: 2Q1 | B10: =Results_from_model!N10 -> 0.052 | C10: =Results_from_model!O10 -> 0.082 | D10: =Results_from_model!P10 -> -0.356 | E10: =Results_from_model!Q10 -> 0.294 | F10: =Results_from_model!R10 -> -0.195 | G10: =Results_from_model!S10 -> 0.234 | H10: =Results_from_model!T10 -> 0.052 | I10: =Results_from_model!U10 -> 0.082 | ... O10: =Results_from_model!AA10 -> 0.222 | AC10: -0.1947674 | AD10: -0.195 | AF10: 0.052203546 | AG10: 0.052 | AI10: -0.22547745 | AJ10: -0.312 | AK10: 0.222 | AL10: -0.195 | AM10: -0.31180386 | AN10: =AM10-N10 -> 0.00019614223 | AO10: -0.23798404 | AP10: -0.1947674 | AQ10: -0.20983242
A11: 2Q2 | B11: =Results_from_model!N11 -> 0.166 | C11: =Results_from_model!O11 -> 0 | D11: =Results_from_model!P11 -> -0.246 | E11: =Results_from_model!Q11 -> 0.189 | F11: =Results_from_model!R11 -> -0.086 | G11: =Results_from_model!S11 -> 0.137 | H11: =Results_from_model!T11 -> 0.166 | I11: =Results_from_model!U11 -> 0 | ... O11: =Results_from_model!AA11 -> 0.142 | AC11: -0.086050326 | AD11: -0.086 | AF11: 0.1664244 | AG11: 0.166 | AI11: -0.13658261 | AJ11: -0.267 | AK11: 0.142 | AL11: -0.086 | AM11: -0.26725868 | AN11: =AM11-N11 -> -0.00025867745 | AO11: -0.15450031 | AP11: -0.086050326 | AQ11: -0.11099163
A12: 2Q3 | B12: =Results_from_model!N12 -> 0.278 | C12: =Results_from_model!O12 -> -0.069 | D12: =Results_from_model!P12 -> -0.13 | E12: =Results_from_model!Q12 -> 0.096 | F12: =Results_from_model!R12 -> 0.025 | G12: =Results_from_model!S12 -> 0.053 | H12: =Results_from_model!T12 -> 0.278 | I12: =Results_from_model!U12 -> -0.069 | ... O12: =Results_from_model!AA12 -> 0.072 | AC12: 0.025309667 | AD12: 0.025 | AF12: 0.27815626 | AG12: 0.278 | AI12: -0.044717638 | AJ12: -0.219 | AK12: 0.072 | AL12: 0.025 | AM12: -0.21897394 | AN12: =AM12-N12 -> 2.6063488e-05 | AO12: -0.06796681 | AP12: 0.025309667 | AQ12: -0.0093469746
A13: 2Q4 | B13: =Results_from_model!N13 -> 0.387 | C13: =Results_from_model!O13 -> -0.125 | D13: =Results_from_model!P13 -> -0.01 | E13: =Results_from_model!Q13 -> 0.016 | F13: =Results_from_model!R13 -> 0.138 | G13: =Results_from_model!S13 -> -0.019 | H13: =Results_from_model!T13 -> 0.387 | I13: =Results_from_model!U13 -> -0.125 | ... O13: =Results_from_model!AA13 -> 0.012 | AC13: 0.13845113 | AD13: 0.138 | AF13: 0.38689786 | AG13: 0.387 | AI13: 0.049317356 | AJ13: -0.168 | AK13: 0.012 | AL13: 0.138 | AM13: -0.16766294 | AN13: =AM13-N13 -> 0.00033706175 | AO13: 0.02082396 | AP13: 0.13845113 | AQ13: 0.094271423
A14: 3Q1 | B14: =Results_from_model!N14 -> 0.493 | C14: =Results_from_model!O14 -> -0.169 | D14: =Results_from_model!P14 -> 0.116 | E14: =Results_from_model!Q14 -> -0.052 | F14: =Results_from_model!R14 -> 0.253 | G14: =Results_from_model!S14 -> -0.078 | H14: =Results_from_model!T14 -> 0.493 | I14: =Results_from_model!U14 -> -0.169 | ... O14: =Results_from_model!AA14 -> -0.037 | S14: Infrastructure investment | T14: Human capital investment | AC14: 0.25300012 | AD14: 0.253 | AF14: 0.49253816 | AG14: 0.493 | AI14: 0.14517174 | AJ14: -0.114 | AK14: -0.037 | AL14: 0.253 | AM14: -0.11364135 | AN14: =AM14-N14 -> 0.00035865221 | AO14: 0.11152347 | AP14: 0.25300012 | AQ14: 0.19950138
A15: 3Q2 | B15: =Results_from_model!N15 -> 0.595 | C15: =Results_from_model!O15 -> -0.201 | D15: =Results_from_model!P15 -> 0.245 | E15: =Results_from_model!Q15 -> -0.108 | F15: =Results_from_model!R15 -> 0.369 | G15: =Results_from_model!S15 -> -0.125 | H15: =Results_from_model!T15 -> 0.595 | I15: =Results_from_model!U15 -> -0.201 | ... O15: =Results_from_model!AA15 -> -0.077 | Q15: 2026 | R15: 1Q4 | S15: =B9 -> -0.063 | T15: =C9 -> 0.177 | AC15: 0.36875553 | AD15: 0.369 | AF15: 0.59509751 | AG15: 0.595 | AI15: 0.24265507 | AJ15: -0.057 | AK15: -0.077 | AL15: 0.369 | AM15: -0.057082047 | AN15: =AM15-N15 -> -8.2046515e-05 | AO15: 0.2039416 | AP15: 0.36875553 | AQ15: 0.30614709
A16: 3Q3 | B16: =Results_from_model!N16 -> 0.695 | C16: =Results_from_model!O16 -> -0.222 | D16: =Results_from_model!P16 -> 0.378 | E16: =Results_from_model!Q16 -> -0.152 | F16: =Results_from_model!R16 -> 0.486 | G16: =Results_from_model!S16 -> -0.16 | H16: =Results_from_model!T16 -> 0.695 | I16: =Results_from_model!U16 -> -0.222 | ... O16: =Results_from_model!AA16 -> -0.108 | Q16: 2030 | R16: 5Q4 | S16: =B25 -> 1.468 | T16: =C25 -> -0.028 | AC16: 0.48558031 | AD16: 0.486 | AF16: 0.69463949 | AG16: 0.695 | AI16: 0.34163638 | AJ16: 0.002 | AK16: -0.108 | AL16: 0.486 | AM16: 0.0018945859 | AN16: =AM16-N16 -> -0.00010541414 | AO16: 0.29794694 | AP16: 0.48558031 | AQ16: 0.41407444
A17: 3Q4 | B17: =Results_from_model!N17 -> 0.791 | C17: =Results_from_model!O17 -> -0.233 | D17: =Results_from_model!P17 -> 0.514 | E17: =Results_from_model!Q17 -> -0.185 | F17: =Results_from_model!R17 -> 0.603 | G17: =Results_from_model!S17 -> -0.186 | H17: =Results_from_model!T17 -> 0.791 | I17: =Results_from_model!U17 -> -0.233 | ... O17: =Results_from_model!AA17 -> -0.13 | Q17: 2040 | R17: 15Q4 | S17: =B65 -> 3.183 | T17: =C65 -> 3.333 | AC17: 0.60336389 | AD17: 0.603 | AF17: 0.79124102 | AG17: 0.791 | AI17: 0.44200918 | AJ17: 0.063 | AK17: -0.13 | AL17: 0.603 | AM17: 0.063188728 | AN17: =AM17-N17 -> 0.00018872784 | AO17: 0.39343203 | AP17: 0.60336389 | AQ17: 0.52317482
A18: 4Q1 | B18: =Results_from_model!N18 -> 0.885 | C18: =Results_from_model!O18 -> -0.234 | D18: =Results_from_model!P18 -> 0.653 | E18: =Results_from_model!Q18 -> -0.208 | F18: =Results_from_model!R18 -> 0.722 | G18: =Results_from_model!S18 -> -0.201 | H18: =Results_from_model!T18 -> 0.885 | I18: =Results_from_model!U18 -> -0.234 | ... O18: =Results_from_model!AA18 -> -0.144 | Q18: 2050 | R18: 25Q4 | S18: =B105 -> 3.666 | T18: =C105 -> 5.698 | AC18: 0.72200909 | AD18: 0.722 | AF18: 0.88498219 | AG18: 0.885 | AI18: 0.54367914 | AJ18: 0.127 | AK18: -0.144 | AL18: 0.722 | AM18: 0.12670979 | AN18: =AM18-N18 -> -0.00029020889 | AO18: 0.49030117 | AP18: 0.72200909 | AQ18: 0.63335241
A19: 4Q2 | B19: =Results_from_model!N19 -> 0.976 | C19: =Results_from_model!O19 -> -0.226 | D19: =Results_from_model!P19 -> 0.795 | E19: =Results_from_model!Q19 -> -0.221 | F19: =Results_from_model!R19 -> 0.841 | G19: =Results_from_model!S19 -> -0.206 | H19: =Results_from_model!T19 -> 0.976 | I19: =Results_from_model!U19 -> -0.226 | ... O19: =Results_from_model!AA19 -> -0.151 | AC19: 0.84142743 | AD19: 0.841 | AF19: 0.97594285 | AG19: 0.976 | AI19: 0.64655973 | AJ19: 0.192 | AK19: -0.151 | AL19: 0.841 | AM19: 0.19237236 | AN19: =AM19-N19 -> 0.00037235704 | AO19: 0.588466 | AP19: 0.84142743 | AQ19: 0.74451961
A20: 4Q3 | B20: =Results_from_model!N20 -> 1.064 | C20: =Results_from_model!O20 -> -0.21 | D20: =Results_from_model!P20 -> 0.94 | E20: =Results_from_model!Q20 -> -0.224 | F20: =Results_from_model!R20 -> 0.962 | G20: =Results_from_model!S20 -> -0.203 | H20: =Results_from_model!T20 -> 1.064 | I20: =Results_from_model!U20 -> -0.21 | ... O20: =Results_from_model!AA20 -> -0.15 | AC20: 0.96153719 | AD20: 0.962 | AF20: 1.0642014 | AG20: 1.064 | AI20: 0.75057048 | AJ20: 0.26 | AK20: -0.15 | AL20: 0.962 | AM20: 0.26009466 | AN20: =AM20-N20 -> 9.465783e-05 | AO20: 0.68784377 | AP20: 0.96153719 | AQ20: 0.85659529
A21: 4Q4 | B21: =Results_from_model!N21 -> 1.15 | C21: =Results_from_model!O21 -> -0.187 | D21: =Results_from_model!P21 -> 1.088 | E21: =Results_from_model!Q21 -> -0.219 | F21: =Results_from_model!R21 -> 1.082 | G21: =Results_from_model!S21 -> -0.191 | H21: =Results_from_model!T21 -> 1.15 | I21: =Results_from_model!U21 -> -0.187 | ... O21: =Results_from_model!AA21 -> -0.143 | AC21: 1.0822626 | AD21: 1.082 | AF21: 1.1498345 | AG21: 1.15 | AI21: 0.85563625 | AJ21: 0.33 | AK21: -0.143 | AL21: 1.082 | AM21: 0.32979794 | AN21: =AM21-N21 -> -0.00020205895 | AO21: 0.7883566 | AP21: 1.0822626 | AQ21: 0.96950396
A22: 5Q1 | B22: =Results_from_model!N22 -> 1.233 | C22: =Results_from_model!O22 -> -0.157 | D22: =Results_from_model!P22 -> 1.238 | E22: =Results_from_model!Q22 -> -0.205 | F22: =Results_from_model!R22 -> 1.204 | G22: =Results_from_model!S22 -> -0.172 | H22: =Results_from_model!T22 -> 1.233 | I22: =Results_from_model!U22 -> -0.157 | ... O22: =Results_from_model!AA22 -> -0.129 | AC22: 1.2035333 | AD22: 1.204 | AF22: 1.2329167 | AG22: 1.233 | AI22: 0.96168674 | AJ22: 0.401 | AK22: -0.129 | AL22: 1.204 | AM22: 0.40140613 | AN22: =AM22-N22 -> 0.00040613334 | AO22: 0.88993098 | AP22: 1.2035333 | AQ22: 1.0831753
A23: 5Q2 | B23: =Results_from_model!N23 -> 1.314 | C23: =Results_from_model!O23 -> -0.12 | D23: =Results_from_model!P23 -> 1.39 | E23: =Results_from_model!Q23 -> -0.183 | F23: =Results_from_model!R23 -> 1.325 | G23: =Results_from_model!S23 -> -0.145 | H23: =Results_from_model!T23 -> 1.314 | I23: =Results_from_model!U23 -> -0.12 | ... O23: =Results_from_model!AA23 -> -0.11 | AC23: 1.3252839 | AD23: 1.325 | AF23: 1.3135208 | AG23: 1.314 | AI23: 1.0686562 | AJ23: 0.475 | AK23: -0.11 | AL23: 1.325 | AM23: 0.4748456 | AN23: =AM23-N23 -> -0.00015440214 | AO23: 0.99249739 | AP23: 1.3252839 | AQ23: 1.1975436
A24: 5Q3 | B24: =Results_from_model!N24 -> 1.392 | C24: =Results_from_model!O24 -> -0.077 | D24: =Results_from_model!P24 -> 1.544 | E24: =Results_from_model!Q24 -> -0.153 | F24: =Results_from_model!R24 -> 1.447 | G24: =Results_from_model!S24 -> -0.111 | H24: =Results_from_model!T24 -> 1.392 | I24: =Results_from_model!U24 -> -0.077 | ... O24: =Results_from_model!AA24 -> -0.085 | AC24: 1.4474536 | AD24: 1.447 | AF24: 1.3917174 | AG24: 1.392 | AI24: 1.1764832 | AJ24: 0.55 | AK24: -0.085 | AL24: 1.447 | AM24: 0.55004491 | AN24: =AM24-N24 -> 4.491229e-05 | AO24: 1.09599 | AP24: 1.4474536 | AQ24: 1.3125479
A25: 5Q4 | B25: =Results_from_model!N25 -> 1.468 | C25: =Results_from_model!O25 -> -0.028 | D25: =Results_from_model!P25 -> 1.7 | E25: =Results_from_model!Q25 -> -0.117 | F25: =Results_from_model!R25 -> 1.57 | G25: =Results_from_model!S25 -> -0.071 | H25: =Results_from_model!T25 -> 1.468 | I25: =Results_from_model!U25 -> -0.028 | ... O25: =Results_from_model!AA25 -> -0.055 | AC25: 1.5699859 | AD25: 1.57 | AF25: 1.4675754 | AG25: 1.468 | AI25: 1.2851101 | AJ25: 0.627 | AK25: -0.055 | AL25: 1.57 | AM25: 0.62693464 | AN25: =AM25-N25 -> -6.5358953e-05 | AO25: 1.2003464 | AP25: 1.5699859 | AQ25: 1.4281311
A26: 6Q1 | B26: =Results_from_model!N26 -> 1.541 | C26: =Results_from_model!O26 -> 0.025 | D26: =Results_from_model!P26 -> 1.858 | E26: =Results_from_model!Q26 -> -0.073 | F26: =Results_from_model!R26 -> 1.693 | G26: =Results_from_model!S26 -> -0.024 | H26: =Results_from_model!T26 -> 1.541 | I26: =Results_from_model!U26 -> 0.025 | ... O26: =Results_from_model!AA26 -> -0.02 | AC26: 1.6928283 | AD26: 1.693 | AF26: 1.5411617 | AG26: 1.541 | AI26: 1.3944834 | AJ26: 0.705 | AK26: -0.02 | AL26: 1.693 | AM26: 0.70544709 | AN26: =AM26-N26 -> 0.00044709118 | AO26: 1.3055072 | AP26: 1.6928283 | AQ26: 1.5442402
A27: 6Q2 | B27: =Results_from_model!N27 -> 1.613 | C27: =Results_from_model!O27 -> 0.083 | D27: =Results_from_model!P27 -> 2.017 | E27: =Results_from_model!Q27 -> -0.023 | F27: =Results_from_model!R27 -> 1.816 | G27: =Results_from_model!S27 -> 0.028 | H27: =Results_from_model!T27 -> 1.613 | I27: =Results_from_model!U27 -> 0.083 | ... O27: =Results_from_model!AA27 -> 0.02 | AC27: 1.8159321 | AD27: 1.816 | AF27: 1.6125414 | AG27: 1.613 | AI27: 1.5045527 | AJ27: 0.786 | AK27: 0.02 | AL27: 1.816 | AM27: 0.78551605 | AN27: =AM27-N27 -> -0.00048395237 | AO27: 1.4114158 | AP27: 1.8159321 | AQ27: 1.6608258
A28: 6Q3 | B28: =Results_from_model!N28 -> 1.682 | C28: =Results_from_model!O28 -> 0.146 | D28: =Results_from_model!P28 -> 2.178 | E28: =Results_from_model!Q28 -> 0.033 | F28: =Results_from_model!R28 -> 1.939 | G28: =Results_from_model!S28 -> 0.085 | H28: =Results_from_model!T28 -> 1.682 | I28: =Results_from_model!U28 -> 0.146 | ... O28: =Results_from_model!AA28 -> 0.064 | AC28: 1.9392519 | AD28: 1.939 | AF28: 1.6817776 | AG28: 1.682 | AI28: 1.6152714 | AJ28: 0.867 | AK28: 0.064 | AL28: 1.939 | AM28: 0.86707649 | AN28: =AM28-N28 -> 7.6486036e-05 | AO28: 1.5180181 | AP28: 1.9392519 | AQ28: 1.7778418
A29: 6Q4 | B29: =Results_from_model!N29 -> 1.749 | C29: =Results_from_model!O29 -> 0.212 | D29: =Results_from_model!P29 -> 2.341 | E29: =Results_from_model!Q29 -> 0.094 | F29: =Results_from_model!R29 -> 2.063 | G29: =Results_from_model!S29 -> 0.147 | H29: =Results_from_model!T29 -> 1.749 | I29: =Results_from_model!U29 -> 0.212 | ... O29: =Results_from_model!AA29 -> 0.111 | AC29: 2.0627457 | AD29: 2.063 | AF29: 1.748932 | AG29: 1.749 | AI29: 1.7265955 | AJ29: 0.95 | AK29: 0.111 | AL29: 2.063 | AM29: 0.95006426 | AN29: =AM29-N29 -> 6.4263285e-05 | AO29: 1.6252621 | AP29: 2.0627457 | AQ29: 1.8952454
A30: 7Q1 | B30: =Results_from_model!N30 -> 1.814 | C30: =Results_from_model!O30 -> 0.281 | D30: =Results_from_model!P30 -> 2.504 | E30: =Results_from_model!Q30 -> 0.161 | F30: =Results_from_model!R30 -> 2.186 | G30: =Results_from_model!S30 -> 0.214 | H30: =Results_from_model!T30 -> 1.814 | I30: =Results_from_model!U30 -> 0.281 | ... O30: =Results_from_model!AA30 -> 0.162 | AC30: 2.1863743 | AD30: 2.186 | AF30: 1.8140644 | AG30: 1.814 | AI30: 1.8384844 | AJ30: 1.034 | AK30: 0.162 | AL30: 2.186 | AM30: 1.0344158 | AN30: =AM30-N30 -> 0.00041578811 | AO30: 1.7330975 | AP30: 2.1863743 | AQ30: 2.0129968
... A43: 10Q2 | B43: =Results_from_model!N43 -> 2.501 | C43: =Results_from_model!O43 -> 1.382 | D43: =Results_from_model!P43 -> 4.714 | E43: =Results_from_model!Q43 -> 1.394 | F43: =Results_from_model!R43 -> 3.792 | G43: =Results_from_model!S43 -> 1.381 | H43: =Results_from_model!T43 -> 2.501 | I43: =Results_from_model!U43 -> 1.382 | ... O43: =Results_from_model!AA43 -> 1.052 | AC43: 3.7923185 | AD43: 3.792 | AF43: 2.5011896 | AG43: 2.501 | AI43: 3.3301852 | AJ43: 2.226 | AK43: 1.052 | AL43: 3.792 | AM43: 2.2260341 | AN43: =AM43-N43 -> 3.4080734e-05 | AO43: 3.1680809 | AP43: 3.7923185 | AQ43: 3.5615844
A44: 10Q3 | B44: =Results_from_model!N44 -> 2.543 | C44: =Results_from_model!O44 -> 1.474 | D44: =Results_from_model!P44 -> 4.888 | E44: =Results_from_model!Q44 -> 1.508 | F44: =Results_from_model!R44 -> 3.915 | G44: =Results_from_model!S44 -> 1.486 | H44: =Results_from_model!T44 -> 2.543 | I44: =Results_from_model!U44 -> 1.474 | ... O44: =Results_from_model!AA44 -> 1.131 | S44: Infrastructure investment | T44: Human capital investment | AC44: 3.9149808 | AD44: 3.915 | AF44: 2.543451 | AG44: 2.543 | AI44: 3.4469614 | AJ44: 2.323 | AK44: 1.131 | AL44: 3.915 | AM44: 2.3232793 | AN44: =AM44-N44 -> 0.00027928272 | AO44: 3.2798316 | AP44: 3.9149808 | AQ44: 3.6812789
A45: 10Q4 | B45: =Results_from_model!N45 -> 2.584 | C45: =Results_from_model!O45 -> 1.567 | D45: =Results_from_model!P45 -> 5.063 | E45: =Results_from_model!Q45 -> 1.625 | F45: =Results_from_model!R45 -> 4.037 | G45: =Results_from_model!S45 -> 1.592 | H45: =Results_from_model!T45 -> 2.584 | I45: =Results_from_model!U45 -> 1.567 | ... O45: =Results_from_model!AA45 -> 1.211 | P45: 25Q4 | Q45: 0.8 | R45: Initial efficiency: 0.8 (Baseline) | S45: =VLOOKUP($P45,$A:$G,2,FALSE) -> 3.666 | T45: =VLOOKUP($P45,$A:$G,3,FALSE) -> 5.698 | AC45: 4.0374369 | AD45: 4.037 | AF45: 2.5844139 | AG45: 2.584 | AI45: 3.5639402 | AJ45: 2.422 | AK45: 1.211 | AL45: 4.037 | AM45: 2.4218229 | AN45: =AM45-N45 -> -0.00017705121 | AO45: 3.3920565 | AP45: 4.0374369 | AQ45: 3.8009713
A46: 11Q1 | B46: =Results_from_model!N46 -> 2.624 | C46: =Results_from_model!O46 -> 1.659 | D46: =Results_from_model!P46 -> 5.238 | E46: =Results_from_model!Q46 -> 1.744 | F46: =Results_from_model!R46 -> 4.16 | G46: =Results_from_model!S46 -> 1.699 | H46: =Results_from_model!T46 -> 2.624 | I46: =Results_from_model!U46 -> 1.659 | ... O46: =Results_from_model!AA46 -> 1.28 | P46: 25Q4 | Q46: 1 | R46: Closing gap by 2050 | S46: =VLOOKUP($P46,$A:$G,6,FALSE) -> 10.972 | T46: =VLOOKUP($P46,$A:$G,7,FALSE) -> 7.985 | AC46: 4.1596753 | AD46: 4.16 | AF46: 2.6241166 | AG46: 2.624 | AI46: 3.6811092 | AJ46: 2.559 | AK46: 1.28 | AL46: 4.16 | AM46: 2.5588741 | AN46: =AM46-N46 -> -0.00012590956 | AO46: 3.5200985 | AP46: 4.1596753 | AQ46: 3.9206495
A47: 11Q2 | B47: =Results_from_model!N47 -> 2.663 | C47: =Results_from_model!O47 -> 1.752 | D47: =Results_from_model!P47 -> 5.413 | E47: =Results_from_model!Q47 -> 1.864 | F47: =Results_from_model!R47 -> 4.282 | G47: =Results_from_model!S47 -> 1.808 | H47: =Results_from_model!T47 -> 2.663 | I47: =Results_from_model!U47 -> 1.752 | ... O47: =Results_from_model!AA47 -> 1.348 | P47: 25Q4 | Q47: 1 | R47: Closing gap by 2035 | S47: =VLOOKUP($P47,$A:$G,4,FALSE) -> 13.177 | T47: =VLOOKUP($P47,$A:$G,5,FALSE) -> 9.438 | AC47: 4.2816851 | AD47: 4.282 | AF47: 2.6625963 | AG47: 2.663 | AI47: 3.7984569 | AJ47: 2.703 | AK47: 1.348 | AL47: 4.282 | AM47: 2.702942 | AN47: =AM47-N47 -> -5.8009443e-05 | AO47: 3.6508044 | AP47: 4.2816851 | AQ47: 4.0403027
A48: 11Q3 | B48: =Results_from_model!N48 -> 2.7 | C48: =Results_from_model!O48 -> 1.844 | D48: =Results_from_model!P48 -> 5.589 | E48: =Results_from_model!Q48 -> 1.986 | F48: =Results_from_model!R48 -> 4.403 | G48: =Results_from_model!S48 -> 1.917 | H48: =Results_from_model!T48 -> 2.7 | I48: =Results_from_model!U48 -> 1.844 | ... O48: =Results_from_model!AA48 -> 1.419 | AC48: 4.4034566 | AD48: 4.403 | AF48: 2.6998895 | AG48: 2.7 | AI48: 3.9159728 | AJ48: 2.849 | AK48: 1.419 | AL48: 4.403 | AM48: 2.8489663 | AN48: =AM48-N48 -> -3.3650088e-05 | AO48: 3.7821135 | AP48: 4.4034566 | AQ48: 4.1599207
A49: 11Q4 | B49: =Results_from_model!N49 -> 2.736 | C49: =Results_from_model!O49 -> 1.936 | D49: =Results_from_model!P49 -> 5.766 | E49: =Results_from_model!Q49 -> 2.109 | F49: =Results_from_model!R49 -> 4.525 | G49: =Results_from_model!S49 -> 2.027 | H49: =Results_from_model!T49 -> 2.736 | I49: =Results_from_model!U49 -> 1.936 | ... O49: =Results_from_model!AA49 -> 1.491 | AC49: 4.5249808 | AD49: 4.525 | AF49: 2.7360312 | AG49: 2.736 | AI49: 4.0336472 | AJ49: 2.995 | AK49: 1.491 | AL49: 4.525 | AM49: 2.9954627 | AN49: =AM49-N49 -> 0.00046267965 | AO49: 3.9134497 | AP49: 4.5249808 | AQ49: 4.2794944
A50: 12Q1 | B50: =Results_from_model!N50 -> 2.771 | C50: =Results_from_model!O50 -> 2.028 | D50: =Results_from_model!P50 -> 5.943 | E50: =Results_from_model!Q50 -> 2.234 | F50: =Results_from_model!R50 -> 4.646 | G50: =Results_from_model!S50 -> 2.138 | H50: =Results_from_model!T50 -> 2.771 | I50: =Results_from_model!U50 -> 2.028 | ... O50: =Results_from_model!AA50 -> 1.565 | S50: Infrastructure investment | T50: Human capital investment | AC50: 4.6462496 | AD50: 4.646 | AF50: 2.7710559 | AG50: 2.771 | AI50: 4.1514715 | AJ50: 3.142 | AK50: 1.565 | AL50: 4.646 | AM50: 3.1419935 | AN50: =AM50-N50 -> -6.5369696e-06 | AO50: 4.0446489 | AP50: 4.6462496 | AQ50: 4.3990153
A51: 12Q2 | B51: =Results_from_model!N51 -> 2.805 | C51: =Results_from_model!O51 -> 2.12 | D51: =Results_from_model!P51 -> 6.12 | E51: =Results_from_model!Q51 -> 2.36 | F51: =Results_from_model!R51 -> 4.767 | G51: =Results_from_model!S51 -> 2.25 | H51: =Results_from_model!T51 -> 2.805 | I51: =Results_from_model!U51 -> 2.12 | ... O51: =Results_from_model!AA51 -> 1.642 | P51: 25Q4 | Q51: 0.6 | R51: Initial efficiency: 0.6 | S51: =VLOOKUP($P51,$A:$M,8,FALSE) -> 3.666 | T51: =VLOOKUP($P51,$A:$M,9,FALSE) -> 5.698 | AC51: 4.7672555 | AD51: 4.767 | AF51: 2.8049968 | AG51: 2.805 | AI51: 4.2694376 | AJ51: 3.288 | AK51: 1.642 | AL51: 4.767 | AM51: 3.2884247 | AN51: =AM51-N51 -> 0.00042470949 | AO51: 4.1756603 | AP51: 4.7672555 | AQ51: 4.5184759
A52: 12Q3 | B52: =Results_from_model!N52 -> 2.838 | C52: =Results_from_model!O52 -> 2.211 | D52: =Results_from_model!P52 -> 6.298 | E52: =Results_from_model!Q52 -> 2.487 | F52: =Results_from_model!R52 -> 4.888 | G52: =Results_from_model!S52 -> 2.362 | H52: =Results_from_model!T52 -> 2.838 | I52: =Results_from_model!U52 -> 2.211 | ... O52: =Results_from_model!AA52 -> 1.72 | P52: 25Q4 | Q52: 0.8 | R52: Closing gap by 2050 | S52: =VLOOKUP($P52,$A:$M,12,FALSE) -> 12.232 | T52: =VLOOKUP($P52,$A:$M,13,FALSE) -> 8.354 | AC52: 4.8879918 | AD52: 4.888 | AF52: 2.8378863 | AG52: 2.838 | AI52: 4.3875385 | AJ52: 3.435 | AK52: 1.72 | AL52: 4.888 | AM52: 3.4347095 | AN52: =AM52-N52 -> -0.00029049341 | AO52: 4.306464 | AP52: 4.8879918 | AQ52: 4.6378693
A53: 12Q4 | B53: =Results_from_model!N53 -> 2.87 | C53: =Results_from_model!O53 -> 2.302 | D53: =Results_from_model!P53 -> 6.476 | E53: =Results_from_model!Q53 -> 2.615 | F53: =Results_from_model!R53 -> 5.008 | G53: =Results_from_model!S53 -> 2.474 | H53: =Results_from_model!T53 -> 2.87 | I53: =Results_from_model!U53 -> 2.302 | ... O53: =Results_from_model!AA53 -> 1.801 | P53: 25Q4 | Q53: 0.8 | R53: Closing gap by 2035 | S53: =VLOOKUP($P53,$A:$M,10,FALSE) -> 14.757 | T53: =VLOOKUP($P53,$A:$M,11,FALSE) -> 10.01 | AC53: 5.0084525 | AD53: 5.008 | AF53: 2.869756 | AG53: 2.87 | AI53: 4.5057678 | AJ53: 3.581 | AK53: 1.801 | AL53: 5.008 | AM53: 3.5808257 | AN53: =AM53-N53 -> -0.00017427303 | AO53: 4.4370482 | AP53: 5.0084525 | AQ53: 4.7571895
A54: 13Q1 | B54: =Results_from_model!N54 -> 2.901 | C54: =Results_from_model!O54 -> 2.392 | D54: =Results_from_model!P54 -> 6.655 | E54: =Results_from_model!Q54 -> 2.744 | F54: =Results_from_model!R54 -> 5.129 | G54: =Results_from_model!S54 -> 2.587 | H54: =Results_from_model!T54 -> 2.901 | I54: =Results_from_model!U54 -> 2.392 | ... O54: =Results_from_model!AA54 -> 1.883 | AC54: 5.1286322 | AD54: 5.129 | AF54: 2.9006364 | AG54: 2.901 | AI54: 4.6241199 | AJ54: 3.727 | AK54: 1.883 | AL54: 5.129 | AM54: 3.7267584 | AN54: =AM54-N54 -> -0.00024160388 | AO54: 4.5674039 | AP54: 5.1286322 | AQ54: 4.8764309
A55: 13Q2 | B55: =Results_from_model!N55 -> 2.931 | C55: =Results_from_model!O55 -> 2.482 | D55: =Results_from_model!P55 -> 6.834 | E55: =Results_from_model!Q55 -> 2.873 | F55: =Results_from_model!R55 -> 5.249 | G55: =Results_from_model!S55 -> 2.7 | H55: =Results_from_model!T55 -> 2.931 | I55: =Results_from_model!U55 -> 2.482 | ... O55: =Results_from_model!AA55 -> 1.967 | AC55: 5.2485262 | AD55: 5.249 | AF55: 2.9305573 | AG55: 2.931 | AI55: 4.7425897 | AJ55: 3.872 | AK55: 1.967 | AL55: 5.249 | AM55: 3.8724949 | AN55: =AM55-N55 -> 0.00049485037 | AO55: 4.6975228 | AP55: 5.2485262 | AQ55: 4.9955889
A56: 13Q3 | B56: =Results_from_model!N56 -> 2.96 | C56: =Results_from_model!O56 -> 2.57 | D56: =Results_from_model!P56 -> 7.015 | E56: =Results_from_model!Q56 -> 3.004 | F56: =Results_from_model!R56 -> 5.368 | G56: =Results_from_model!S56 -> 2.814 | H56: =Results_from_model!T56 -> 2.96 | I56: =Results_from_model!U56 -> 2.57 | ... O56: =Results_from_model!AA56 -> 2.052 | AC56: 5.3681304 | AD56: 5.368 | AF56: 2.9595477 | AG56: 2.96 | AI56: 4.861173 | AJ56: 4.018 | AK56: 2.052 | AL56: 5.368 | AM56: 4.0180235 | AN56: =AM56-N56 -> 2.3496258e-05 | AO56: 4.8273972 | AP56: 5.3681304 | AQ56: 5.1146592
A57: 13Q4 | B57: =Results_from_model!N57 -> 2.988 | C57: =Results_from_model!O57 -> 2.659 | D57: =Results_from_model!P57 -> 7.195 | E57: =Results_from_model!Q57 -> 3.135 | F57: =Results_from_model!R57 -> 5.487 | G57: =Results_from_model!S57 -> 2.927 | H57: =Results_from_model!T57 -> 2.988 | I57: =Results_from_model!U57 -> 2.659 | ... O57: =Results_from_model!AA57 -> 2.138 | R57: Infrastructure investment | S57: Closing the gap in the baseline | T57: Efficiency improvement from a higher initial gap | AC57: 5.4874412 | AD57: 5.487 | AF57: 2.9876355 | AG57: 2.988 | AI57: 4.9798662 | AJ57: 4.163 | AK57: 2.138 | AL57: 5.487 | AM57: 4.1633336 | AN57: =AM57-N57 -> 0.00033355159 | AO57: 4.95702 | AP57: 5.4874412 | AQ57: 5.2336383
A58: 14Q1 | B58: =Results_from_model!N58 -> 3.015 | C58: =Results_from_model!O58 -> 2.746 | D58: =Results_from_model!P58 -> 7.377 | E58: =Results_from_model!Q58 -> 3.267 | F58: =Results_from_model!R58 -> 5.606 | G58: =Results_from_model!S58 -> 3.041 | H58: =Results_from_model!T58 -> 3.015 | I58: =Results_from_model!U58 -> 2.746 | ... O58: =Results_from_model!AA58 -> 2.226 | R58: Efficiency improvement by 2050 | S58: =S46-S45 -> 7.306 | T58: =S52-S51 -> 8.566 | AC58: 5.6064556 | AD58: 5.606 | AF58: 3.014848 | AG58: 3.015 | AI58: 5.0986662 | AJ58: 4.308 | AK58: 2.226 | AL58: 5.606 | AM58: 4.308415 | AN58: =AM58-N58 -> 0.00041503341 | AO58: 5.0863848 | AP58: 5.6064556 | AQ58: 5.3525233
A59: 14Q2 | B59: =Results_from_model!N59 -> 3.041 | C59: =Results_from_model!O59 -> 2.832 | D59: =Results_from_model!P59 -> 7.56 | E59: =Results_from_model!Q59 -> 3.399 | F59: =Results_from_model!R59 -> 5.725 | G59: =Results_from_model!S59 -> 3.155 | H59: =Results_from_model!T59 -> 3.041 | I59: =Results_from_model!U59 -> 2.832 | ... O59: =Results_from_model!AA59 -> 2.315 | R59: Faster efficiency improvement by 2040 | S59: =S47-S45 -> 9.511 | T59: =S53-S51 -> 11.091 | AC59: 5.7251712 | AD59: 5.725 | AF59: 3.0412118 | AG59: 3.041 | AI59: 5.2175707 | AJ59: 4.453 | AK59: 2.315 | AL59: 5.725 | AM59: 4.4532588 | AN59: =AM59-N59 -> 0.00025879337 | AO59: 5.2154858 | AP59: 5.7251712 | AQ59: 5.4713119
A60: 14Q3 | B60: =Results_from_model!N60 -> 3.067 | C60: =Results_from_model!O60 -> 2.918 | D60: =Results_from_model!P60 -> 7.744 | E60: =Results_from_model!Q60 -> 3.532 | F60: =Results_from_model!R60 -> 5.844 | G60: =Results_from_model!S60 -> 3.268 | H60: =Results_from_model!T60 -> 3.067 | I60: =Results_from_model!U60 -> 2.918 | ... O60: =Results_from_model!AA60 -> 2.405 | AC60: 5.8435861 | AD60: 5.844 | AF60: 3.0667527 | AG60: 3.067 | AI60: 5.3365779 | AJ60: 4.598 | AK60: 2.405 | AL60: 5.844 | AM60: 4.5978566 | AN60: =AM60-N60 -> -0.00014344965 | AO60: 5.3443178 | AP60: 5.8435861 | AQ60: 5.5900022
A61: 14Q4 | B61: =Results_from_model!N61 -> 3.091 | C61: =Results_from_model!O61 -> 3.003 | D61: =Results_from_model!P61 -> 7.93 | E61: =Results_from_model!Q61 -> 3.666 | F61: =Results_from_model!R61 -> 5.962 | G61: =Results_from_model!S61 -> 3.382 | H61: =Results_from_model!T61 -> 3.091 | I61: =Results_from_model!U61 -> 3.003 | ... O61: =Results_from_model!AA61 -> 2.496 | AC61: 5.9616989 | AD61: 5.962 | AF61: 3.0914956 | AG61: 3.091 | AI61: 5.4556868 | AJ61: 4.742 | AK61: 2.496 | AL61: 5.962 | AM61: 4.7422009 | AN61: =AM61-N61 -> 0.00020091088 | AO61: 5.4728764 | AP61: 5.9616989 | AQ61: 5.7085931
A62: 15Q1 | B62: =Results_from_model!N62 -> 3.115 | C62: =Results_from_model!O62 -> 3.087 | D62: =Results_from_model!P62 -> 8.117 | E62: =Results_from_model!Q62 -> 3.8 | F62: =Results_from_model!R62 -> 6.08 | G62: =Results_from_model!S62 -> 3.496 | H62: =Results_from_model!T62 -> 3.115 | I62: =Results_from_model!U62 -> 3.087 | ... O62: =Results_from_model!AA62 -> 2.588 | R62: Human capital investment | S62: Closing the gap in the baseline | T62: Efficiency improvement from a higher initial gap | AC62: 6.0795088 | AD62: 6.08 | AF62: 3.1154648 | AG62: 3.115 | AI62: 5.5748965 | AJ62: 4.886 | AK62: 2.588 | AL62: 6.08 | AM62: 4.8862854 | AN62: =AM62-N62 -> 0.00028537821 | AO62: 5.6011577 | AP62: 6.0795088 | AQ62: 5.8270838
A63: 15Q2 | B63: =Results_from_model!N63 -> 3.139 | C63: =Results_from_model!O63 -> 3.17 | D63: =Results_from_model!P63 -> 8.306 | E63: =Results_from_model!Q63 -> 3.934 | F63: =Results_from_model!R63 -> 6.197 | G63: =Results_from_model!S63 -> 3.609 | H63: =Results_from_model!T63 -> 3.139 | I63: =Results_from_model!U63 -> 3.17 | ... O63: =Results_from_model!AA63 -> 2.681 | R63: Efficiency improvement by 2050 | S63: =T46-T45 -> 2.287 | T63: =T52-T51 -> 2.656 | AC63: 6.1970153 | AD63: 6.197 | AF63: 3.1386839 | AG63: 3.139 | AI63: 5.6942073 | AJ63: 5.03 | AK63: 2.681 | AL63: 6.197 | AM63: 5.0301044 | AN63: =AM63-N63 -> 0.00010435308 | AO63: 5.7291587 | AP63: 6.1970153 | AQ63: 5.9454741
A64: 15Q3 | B64: =Results_from_model!N64 -> 3.161 | C64: =Results_from_model!O64 -> 3.252 | D64: =Results_from_model!P64 -> 8.497 | E64: =Results_from_model!Q64 -> 4.068 | F64: =Results_from_model!R64 -> 6.314 | G64: =Results_from_model!S64 -> 3.722 | H64: =Results_from_model!T64 -> 3.161 | I64: =Results_from_model!U64 -> 3.252 | ... O64: =Results_from_model!AA64 -> 2.774 | R64: Faster efficiency improvement by 2040 | S64: =T47-T45 -> 3.74 | T64: =T53-T51 -> 4.312 | AC64: 6.3142186 | AD64: 6.314 | AF64: 3.1611758 | AG64: 3.161 | AI64: 5.8136197 | AJ64: 5.174 | AK64: 2.774 | AL64: 6.314 | AM64: 5.1736531 | AN64: =AM64-N64 -> -0.0003468711 | AO64: 5.8568769 | AP64: 6.3142186 | AQ64: 6.0637645
A65: 15Q4 | B65: =Results_from_model!N65 -> 3.183 | C65: =Results_from_model!O65 -> 3.333 | D65: =Results_from_model!P65 -> 8.691 | E65: =Results_from_model!Q65 -> 4.203 | F65: =Results_from_model!R65 -> 6.431 | G65: =Results_from_model!S65 -> 3.836 | H65: =Results_from_model!T65 -> 3.183 | I65: =Results_from_model!U65 -> 3.333 | ... O65: =Results_from_model!AA65 -> 2.868 | AC65: 6.4311192 | AD65: 6.431 | AF65: 3.1829628 | AG65: 3.183 | AI65: 5.9331349 | AJ65: 5.317 | AK65: 2.868 | AL65: 6.431 | AM65: 5.3169279 | AN65: =AM65-N65 -> -7.2116129e-05 | AO65: 5.9843106 | AP65: 6.4311192 | AQ65: 6.181956
A66: 16Q1 | B66: =Results_from_model!N66 -> 3.204 | C66: =Results_from_model!O66 -> 3.413 | D66: =Results_from_model!P66 -> 8.886 | E66: =Results_from_model!Q66 -> 4.338 | F66: =Results_from_model!R66 -> 6.548 | G66: =Results_from_model!S66 -> 3.948 | H66: =Results_from_model!T66 -> 3.204 | I66: =Results_from_model!U66 -> 3.413 | ... O66: =Results_from_model!AA66 -> 2.963 | AC66: 6.5477183 | AD66: 6.548 | AF66: 3.2040664 | AG66: 3.204 | AI66: 6.0527546 | AJ66: 5.46 | AK66: 2.963 | AL66: 6.548 | AM66: 5.4599257 | AN66: =AM66-N66 -> -7.4328211e-05 | AO66: 6.1114587 | AP66: 6.5477183 | AQ66: 6.3000499
A67: 16Q2 | B67: =Results_from_model!N67 -> 3.225 | C67: =Results_from_model!O67 -> 3.492 | D67: =Results_from_model!P67 -> 9.077 | E67: =Results_from_model!Q67 -> 4.474 | F67: =Results_from_model!R67 -> 6.664 | G67: =Results_from_model!S67 -> 4.061 | H67: =Results_from_model!T67 -> 3.225 | I67: =Results_from_model!U67 -> 3.492 | ... O67: =Results_from_model!AA67 -> 3.059 | AC67: 6.6640174 | AD67: 6.664 | AF67: 3.2245077 | AG67: 3.225 | AI67: 6.1724812 | AJ67: 5.603 | AK67: 3.059 | AL67: 6.664 | AM67: 5.6026444 | AN67: =AM67-N67 -> -0.00035558674 | AO67: 6.2383209 | AP67: 6.6640174 | AQ67: 6.4180482
A68: 16Q3 | B68: =Results_from_model!N68 -> 3.244 | C68: =Results_from_model!O68 -> 3.57 | D68: =Results_from_model!P68 -> 9.261 | E68: =Results_from_model!Q68 -> 4.612 | F68: =Results_from_model!R68 -> 6.78 | G68: =Results_from_model!S68 -> 4.173 | H68: =Results_from_model!T68 -> 3.244 | I68: =Results_from_model!U68 -> 3.57 | ... O68: =Results_from_model!AA68 -> 3.155 | AC68: 6.7800186 | AD68: 6.78 | AF68: 3.2443068 | AG68: 3.244 | AI68: 6.2923178 | AJ68: 5.745 | AK68: 3.155 | AL68: 6.78 | AM68: 5.7450829 | AN68: =AM68-N68 -> 8.2888293e-05 | AO68: 6.3648973 | AP68: 6.7800186 | AQ68: 6.5359536
A69: 16Q4 | B69: =Results_from_model!N69 -> 3.263 | C69: =Results_from_model!O69 -> 3.646 | D69: =Results_from_model!P69 -> 9.44 | E69: =Results_from_model!Q69 -> 4.751 | F69: =Results_from_model!R69 -> 6.896 | G69: =Results_from_model!S69 -> 4.285 | H69: =Results_from_model!T69 -> 3.263 | I69: =Results_from_model!U69 -> 3.646 | ... O69: =Results_from_model!AA69 -> 3.251 | AC69: 6.8957245 | AD69: 6.896 | AF69: 3.2634837 | AG69: 3.263 | AI69: 6.4122678 | AJ69: 5.887 | AK69: 3.251 | AL69: 6.896 | AM69: 5.8872407 | AN69: =AM69-N69 -> 0.00024073143 | AO69: 6.491189 | AP69: 6.8957245 | AQ69: 6.653769
A70: 17Q1 | B70: =Results_from_model!N70 -> 3.282 | C70: =Results_from_model!O70 -> 3.722 | D70: =Results_from_model!P70 -> 9.613 | E70: =Results_from_model!Q70 -> 4.892 | F70: =Results_from_model!R70 -> 7.011 | G70: =Results_from_model!S70 -> 4.397 | H70: =Results_from_model!T70 -> 3.282 | I70: =Results_from_model!U70 -> 3.722 | ... O70: =Results_from_model!AA70 -> 3.348 | AC70: 7.0111381 | AD70: 7.011 | AF70: 3.2820573 | AG70: 3.282 | AI70: 6.5323356 | AJ70: 6.029 | AK70: 3.348 | AL70: 7.011 | AM70: 6.0291184 | AN70: =AM70-N70 -> 0.00011843015 | AO70: 6.6171975 | AP70: 7.0111381 | AQ70: 6.7714983
A71: 17Q2 | B71: =Results_from_model!N71 -> 3.3 | C71: =Results_from_model!O71 -> 3.797 | D71: =Results_from_model!P71 -> 9.78 | E71: =Results_from_model!Q71 -> 5.033 | F71: =Results_from_model!R71 -> 7.126 | G71: =Results_from_model!S71 -> 4.508 | H71: =Results_from_model!T71 -> 3.3 | I71: =Results_from_model!U71 -> 3.797 | ... O71: =Results_from_model!AA71 -> 3.445 | AC71: 7.1262631 | AD71: 7.126 | AF71: 3.3000465 | AG71: 3.3 | AI71: 6.6525262 | AJ71: 6.171 | AK71: 3.445 | AL71: 7.126 | AM71: 6.1707173 | AN71: =AM71-N71 -> -0.00028267256 | AO71: 6.7429252 | AP71: 7.1262631 | AQ71: 6.8891456
A72: 17Q3 | B72: =Results_from_model!N72 -> 3.317 | C72: =Results_from_model!O72 -> 3.87 | D72: =Results_from_model!P72 -> 9.942 | E72: =Results_from_model!Q72 -> 5.175 | F72: =Results_from_model!R72 -> 7.241 | G72: =Results_from_model!S72 -> 4.619 | H72: =Results_from_model!T72 -> 3.317 | I72: =Results_from_model!U72 -> 3.87 | ... O72: =Results_from_model!AA72 -> 3.542 | AC72: 7.2411035 | AD72: 7.241 | AF72: 3.3174691 | AG72: 3.317 | AI72: 6.772845 | AJ72: 6.312 | AK72: 3.542 | AL72: 7.241 | AM72: 6.3120396 | AN72: =AM72-N72 -> 3.9629158e-05 | AO72: 6.868375 | AP72: 7.2411035 | AQ72: 7.0067158
A73: 17Q4 | B73: =Results_from_model!N73 -> 3.334 | C73: =Results_from_model!O73 -> 3.943 | D73: =Results_from_model!P73 -> 10.099 | E73: =Results_from_model!Q73 -> 5.317 | F73: =Results_from_model!R73 -> 7.356 | G73: =Results_from_model!S73 -> 4.729 | H73: =Results_from_model!T73 -> 3.334 | I73: =Results_from_model!U73 -> 3.943 | ... O73: =Results_from_model!AA73 -> 3.64 | AC73: 7.3556642 | AD73: 7.356 | AF73: 3.3343427 | AG73: 3.334 | AI73: 6.8932984 | AJ73: 6.453 | AK73: 3.64 | AL73: 7.356 | AM73: 6.4530884 | AN73: =AM73-N73 -> 8.8417092e-05 | AO73: 6.9935505 | AP73: 7.3556642 | AQ73: 7.1242146
A74: 18Q1 | B74: =Results_from_model!N74 -> 3.351 | C74: =Results_from_model!O74 -> 4.014 | D74: =Results_from_model!P74 -> 10.251 | E74: =Results_from_model!Q74 -> 5.46 | F74: =Results_from_model!R74 -> 7.47 | G74: =Results_from_model!S74 -> 4.839 | H74: =Results_from_model!T74 -> 3.351 | I74: =Results_from_model!U74 -> 4.014 | ... O74: =Results_from_model!AA74 -> 3.738 | AC74: 7.4699502 | AD74: 7.47 | AF74: 3.3506844 | AG74: 3.351 | AI74: 7.0138936 | AJ74: 6.594 | AK74: 3.738 | AL74: 7.47 | AM74: 6.5938677 | AN74: =AM74-N74 -> -0.00013233143 | AO74: 7.1184563 | AP74: 7.4699502 | AQ74: 7.241648
A75: 18Q2 | B75: =Results_from_model!N75 -> 3.367 | C75: =Results_from_model!O75 -> 4.084 | D75: =Results_from_model!P75 -> 10.398 | E75: =Results_from_model!Q75 -> 5.602 | F75: =Results_from_model!R75 -> 7.584 | G75: =Results_from_model!S75 -> 4.949 | H75: =Results_from_model!T75 -> 3.367 | I75: =Results_from_model!U75 -> 4.084 | ... O75: =Results_from_model!AA75 -> 3.836 | AC75: 7.5839676 | AD75: 7.584 | AF75: 3.3665104 | AG75: 3.367 | AI75: 7.1346385 | AJ75: 6.734 | AK75: 3.836 | AL75: 7.584 | AM75: 6.7343823 | AN75: =AM75-N75 -> 0.00038228356 | AO75: 7.2430975 | AP75: 7.5839676 | AQ75: 7.3590229
A76: 18Q3 | B76: =Results_from_model!N76 -> 3.382 | C76: =Results_from_model!O76 -> 4.153 | D76: =Results_from_model!P76 -> 10.54 | E76: =Results_from_model!Q76 -> 5.745 | F76: =Results_from_model!R76 -> 7.698 | G76: =Results_from_model!S76 -> 5.058 | H76: =Results_from_model!T76 -> 3.382 | I76: =Results_from_model!U76 -> 4.153 | ... O76: =Results_from_model!AA76 -> 3.934 | AC76: 7.6977228 | AD76: 7.698 | AF76: 3.381837 | AG76: 3.382 | AI76: 7.255542 | AJ76: 6.875 | AK76: 3.934 | AL76: 7.698 | AM76: 6.8746381 | AN76: =AM76-N76 -> -0.00036187941 | AO76: 7.36748 | AP76: 7.6977228 | AQ76: 7.4763472
... A105: 25Q4 | B105: =Results_from_model!N105 -> 3.666 | C105: =Results_from_model!O105 -> 5.698 | D105: =Results_from_model!P105 -> 13.177 | E105: =Results_from_model!Q105 -> 9.438 | F105: =Results_from_model!R105 -> 10.972 | G105: =Results_from_model!S105 -> 7.985 | H105: =Results_from_model!T105 -> 3.666 | I105: =Results_from_model!U105 -> 5.698 | ... O105: =Results_from_model!AA105 -> 6.734 | AC105: 10.971635 | AD105: 10.972 | AF105: 3.6660679 | AG105: 3.666 | AI105: 10.956633 | AJ105: 10.934 | AK105: 6.734 | AL105: 10.972 | AM105: 10.934272 | AN105: =AM105-N105 -> 0.00027205288 | AO105: 10.956584 | AP105: 10.971635 | AQ105: 10.964079

Sheet Results_from_model
A1: 1 | B1: 2 | C1: 3 | D1: 4 | E1: 5 | F1: 6 | G1: 7 | H1: 8 | I1: 9 | N1: 2 | O1: 3 | P1: 4 | Q1: 5 | R1: 6 | S1: 7 | T1: 8 | U1: 9 | V1: 10 | W1: 11 | X1: 12 | Y1: 13 | Z1: 14 | AA1: 15
A2: AE | B2: Variables -> | C2: Model_HumanCapital_epsi_ig___yd | D2: Model_HumanCapital_epsi_cge___yd | E2: Model_HumanCapital_epsi_cgrd___yd | F2: Model_HumanCapital_epsi_igeff25y___yd | G2: Model_HumanCapital_epsi_cgeeff25y___yd | H2: Model_HumanCapital_epsi_cgrd_eff25y___yd | I2: Model_HumanCapital_epsi_cgeCgrd___yd | J2: Model_HumanCapital_epsicgrd_cge_adt___yd | K2: Model_HumanCapital_epsicgrd_cge_limt___yd | M2: EMDE | N2: EM_Model_HumanCapital_epsiig___yd | O2: EM_Model_HumanCapital_epsicge___yd | P2: EM_Model_HumanCapital_epsiigeff30y___yd | Q2: EM_Model_HumanCapital_epsicgeeff30y___yd | R2: EM_Model_HumanCapital_epsiigeff25y___yd | S2: EM_Model_HumanCapital_epsicgeeff25y___yd | T2: EM_Model_HumanCapital_epsiiglow___yd | U2: EM_Model_HumanCapital_epsicgelow___yd | V2: EM_Model_HumanCapital_epsiigeff30ylow___yd | W2: EM_Model_HumanCapital_epsicgeeff30ylow___yd | X2: EM_Model_HumanCapital_epsiigeff25ylow___yd | Y2: EM_Model_HumanCapital_epsicgeeff25ylow___yd | Z2: EM_Model_HumanCapital_epsiigeff25y_al___yd | AA2: EM_Model_HumanCapital_epsicgeeff25y_al___yd | AI2: cge | AJ2: ig | AK2: AE | AL2: cge | AM2: ig | AN2: cgrd | AO2: ig_eff
B3: Comments ->
AI5: 0 | AJ5: 0 | AL5: 0 | AM5: 0 | AN5: 0 | AO5: 0 | AP5: 0
AI6: 0.17262544 | AJ6: -0.74619317 | AL6: 0.40596655 | AM6: -0.09213161 | AN6: 0.63355343 | AO6: 0.058637732 | AP6: -0.74619317
AI7: 0.36843255 | AJ7: -0.26584627 | AL7: 0.143446 | AM7: -0.16287155 | AN7: -0.26322038 | AO7: -0.45513589 | AP7: -0.26584627
AI8: 0.27752516 | AJ8: -0.17377025 | AL8: 0.087038915 | AM8: -0.13169924 | AN8: -0.32809575 | AO8: -0.39125716 | AP8: -0.17377025
A9: 2026 | C9: =HLOOKUP(C$2,Models_Results!$B:$AP,$AC9,FALSE) -> -0.091 | D9: =HLOOKUP(D$2,Models_Results!$B:$AP,$AC9,FALSE) -> 0.026 | E9: =HLOOKUP(E$2,Models_Results!$B:$AP,$AC9,FALSE) -> -0.363 | F9: =HLOOKUP(F$2,Models_Results!$B:$AP,$AC9,FALSE) -> -0.169 | G9: =HLOOKUP(G$2,Models_Results!$B:$AP,$AC9,FALSE) -> 0.083 | H9: =HLOOKUP(H$2,Models_Results!$B:$AP,$AC9,FALSE) -> -0.395 | I9: =HLOOKUP(I$2,Models_Results!$B:$AP,$AC9,FALSE) -> -0.199 | J9: =HLOOKUP(J$2,Models_Results!$B:$AP,$AC9,FALSE) -> -0.649 | K9: =HLOOKUP(K$2,Models_Results!$B:$AP,$AC9,FALSE) -> 0.231 | N9: =HLOOKUP(N$2,Models_Results!$B:$AP,$AC9,FALSE) -> -0.063 | O9: =HLOOKUP(O$2,Models_Results!$B:$AP,$AC9,FALSE) -> 0.177 | P9: =HLOOKUP(P$2,Models_Results!$B:$AP,$AC9,FALSE) -> -0.457 | Q9: =HLOOKUP(Q$2,Models_Results!$B:$AAS,$AC9,FALSE) -> 0.409 | R9: =HLOOKUP(R$2,Models_Results!$B:$AP,$AC9,FALSE) -> -0.299 | S9: =HLOOKUP(S$2,Models_Results!$B:$AP,$AC9,FALSE) -> 0.341 | T9: =HLOOKUP(T$2,Models_Results!$B:$AP,$AC9,FALSE) -> -0.063 | U9: =HLOOKUP(U$2,Models_Results!$B:$AP,$AC9,FALSE) -> 0.177 | V9: =HLOOKUP(V$2,Models_Results!$B:$AP,$AC9,FALSE) -> -0.528 | W9: =HLOOKUP(W$2,Models_Results!$B:$AAS,$AC9,FALSE) -> 0.443 | X9: =HLOOKUP(X$2,Models_Results!$B:$AP,$AC9,FALSE) -> -0.344 | Y9: =HLOOKUP(Y$2,Models_Results!$B:$AAS,$AC9,FALSE) -> 0.366 | Z9: =HLOOKUP(Z$2,Models_Results!$B:$AAS,$AC9,FALSE) -> -0.351 | AA9: =HLOOKUP(AA$2,Models_Results!$B:$AAS,$AC9,FALSE) -> 0.31 | AC9: 6 | AI9: 0.17650826 | AJ9: -0.062858632 | AL9: 0.026448704 | AM9: -0.091092513 | AN9: -0.36251508 | AO9: -0.29858589 | AP9: -0.062858632
A10: =A9+0.25 -> 2026.25 | C10: =HLOOKUP(C$2,Models_Results!$B:$AP,$AC10,FALSE) -> -0.048 | D10: =HLOOKUP(D$2,Models_Results!$B:$AP,$AC10,FALSE) -> -0.031 | E10: =HLOOKUP(E$2,Models_Results!$B:$AP,$AC10,FALSE) -> -0.37 | F10: =HLOOKUP(F$2,Models_Results!$B:$AP,$AC10,FALSE) -> -0.131 | G10: =HLOOKUP(G$2,Models_Results!$B:$AP,$AC10,FALSE) -> 0.02 | H10: =HLOOKUP(H$2,Models_Results!$B:$AP,$AC10,FALSE) -> -0.408 | I10: =HLOOKUP(I$2,Models_Results!$B:$AP,$AC10,FALSE) -> -0.232 | J10: =HLOOKUP(J$2,Models_Results!$B:$AP,$AC10,FALSE) -> -0.747 | K10: =HLOOKUP(K$2,Models_Results!$B:$AP,$AC10,FALSE) -> 0.262 | N10: =HLOOKUP(N$2,Models_Results!$B:$AP,$AC10,FALSE) -> 0.052 | O10: =HLOOKUP(O$2,Models_Results!$B:$AP,$AC10,FALSE) -> 0.082 | P10: =HLOOKUP(P$2,Models_Results!$B:$AP,$AC10,FALSE) -> -0.356 | Q10: =HLOOKUP(Q$2,Models_Results!$B:$AAS,$AC10,FALSE) -> 0.294 | R10: =HLOOKUP(R$2,Models_Results!$B:$AP,$AC10,FALSE) -> -0.195 | S10: =HLOOKUP(S$2,Models_Results!$B:$AP,$AC10,FALSE) -> 0.234 | T10: =HLOOKUP(T$2,Models_Results!$B:$AP,$AC10,FALSE) -> 0.052 | U10: =HLOOKUP(U$2,Models_Results!$B:$AP,$AC10,FALSE) -> 0.082 | V10: =HLOOKUP(V$2,Models_Results!$B:$AP,$AC10,FALSE) -> -0.428 | W10: =HLOOKUP(W$2,Models_Results!$B:$AAS,$AC10,FALSE) -> 0.324 | X10: =HLOOKUP(X$2,Models_Results!$B:$AP,$AC10,FALSE) -> -0.242 | Y10: =HLOOKUP(Y$2,Models_Results!$B:$AAS,$AC10,FALSE) -> 0.256 | Z10: =HLOOKUP(Z$2,Models_Results!$B:$AAS,$AC10,FALSE) -> -0.312 | AA10: =HLOOKUP(AA$2,Models_Results!$B:$AAS,$AC10,FALSE) -> 0.222 | AC10: 7 | AI10: 0.082186733 | AJ10: 0.052203546 | AL10: -0.030667818 | AM10: -0.048154514 | AN10: -0.3702482 | AO10: -0.1947674 | AP10: 0.052203546
A11: =A10+0.25 -> 2026.5 | C11: =HLOOKUP(C$2,Models_Results!$B:$AP,$AC11,FALSE) -> -0.005 | D11: =HLOOKUP(D$2,Models_Results!$B:$AP,$AC11,FALSE) -> -0.082 | E11: =HLOOKUP(E$2,Models_Results!$B:$AP,$AC11,FALSE) -> -0.356 | F11: =HLOOKUP(F$2,Models_Results!$B:$AP,$AC11,FALSE) -> -0.093 | G11: =HLOOKUP(G$2,Models_Results!$B:$AP,$AC11,FALSE) -> -0.038 | H11: =HLOOKUP(H$2,Models_Results!$B:$AP,$AC11,FALSE) -> -0.4 | I11: =HLOOKUP(I$2,Models_Results!$B:$AP,$AC11,FALSE) -> -0.25 | J11: =HLOOKUP(J$2,Models_Results!$B:$AP,$AC11,FALSE) -> -0.821 | K11: =HLOOKUP(K$2,Models_Results!$B:$AP,$AC11,FALSE) -> 0.307 | N11: =HLOOKUP(N$2,Models_Results!$B:$AP,$AC11,FALSE) -> 0.166 | O11: =HLOOKUP(O$2,Models_Results!$B:$AP,$AC11,FALSE) -> 0 | P11: =HLOOKUP(P$2,Models_Results!$B:$AP,$AC11,FALSE) -> -0.246 | Q11: =HLOOKUP(Q$2,Models_Results!$B:$AAS,$AC11,FALSE) -> 0.189 | R11: =HLOOKUP(R$2,Models_Results!$B:$AP,$AC11,FALSE) -> -0.086 | S11: =HLOOKUP(S$2,Models_Results!$B:$AP,$AC11,FALSE) -> 0.137 | T11: =HLOOKUP(T$2,Models_Results!$B:$AP,$AC11,FALSE) -> 0.166 | U11: =HLOOKUP(U$2,Models_Results!$B:$AP,$AC11,FALSE) -> 0 | V11: =HLOOKUP(V$2,Models_Results!$B:$AP,$AC11,FALSE) -> -0.318 | W11: =HLOOKUP(W$2,Models_Results!$B:$AAS,$AC11,FALSE) -> 0.215 | X11: =HLOOKUP(X$2,Models_Results!$B:$AP,$AC11,FALSE) -> -0.133 | Y11: =HLOOKUP(Y$2,Models_Results!$B:$AAS,$AC11,FALSE) -> 0.157 | Z11: =HLOOKUP(Z$2,Models_Results!$B:$AAS,$AC11,FALSE) -> -0.267 | AA11: =HLOOKUP(AA$2,Models_Results!$B:$AAS,$AC11,FALSE) -> 0.142 | AC11: 8 | AI11: -0.00016906579 | AJ11: 0.1664244 | AL11: -0.081957367 | AM11: -0.0053060312 | AN11: -0.35640097 | AO11: -0.086050326 | AP11: 0.1664244
A12: =A11+0.25 -> 2026.75 | C12: =HLOOKUP(C$2,Models_Results!$B:$AP,$AC12,FALSE) -> 0.037 | D12: =HLOOKUP(D$2,Models_Results!$B:$AP,$AC12,FALSE) -> -0.127 | E12: =HLOOKUP(E$2,Models_Results!$B:$AP,$AC12,FALSE) -> -0.326 | F12: =HLOOKUP(F$2,Models_Results!$B:$AP,$AC12,FALSE) -> -0.054 | G12: =HLOOKUP(G$2,Models_Results!$B:$AP,$AC12,FALSE) -> -0.09 | H12: =HLOOKUP(H$2,Models_Results!$B:$AP,$AC12,FALSE) -> -0.375 | I12: =HLOOKUP(I$2,Models_Results!$B:$AP,$AC12,FALSE) -> -0.253 | J12: =HLOOKUP(J$2,Models_Results!$B:$AP,$AC12,FALSE) -> -0.878 | K12: =HLOOKUP(K$2,Models_Results!$B:$AP,$AC12,FALSE) -> 0.361 | N12: =HLOOKUP(N$2,Models_Results!$B:$AP,$AC12,FALSE) -> 0.278 | O12: =HLOOKUP(O$2,Models_Results!$B:$AP,$AC12,FALSE) -> -0.069 | P12: =HLOOKUP(P$2,Models_Results!$B:$AP,$AC12,FALSE) -> -0.13 | Q12: =HLOOKUP(Q$2,Models_Results!$B:$AAS,$AC12,FALSE) -> 0.096 | R12: =HLOOKUP(R$2,Models_Results!$B:$AP,$AC12,FALSE) -> 0.025 | S12: =HLOOKUP(S$2,Models_Results!$B:$AP,$AC12,FALSE) -> 0.053 | T12: =HLOOKUP(T$2,Models_Results!$B:$AP,$AC12,FALSE) -> 0.278 | U12: =HLOOKUP(U$2,Models_Results!$B:$AP,$AC12,FALSE) -> -0.069 | V12: =HLOOKUP(V$2,Models_Results!$B:$AP,$AC12,FALSE) -> -0.199 | W12: =HLOOKUP(W$2,Models_Results!$B:$AAS,$AC12,FALSE) -> 0.119 | X12: =HLOOKUP(X$2,Models_Results!$B:$AP,$AC12,FALSE) -> -0.021 | Y12: =HLOOKUP(Y$2,Models_Results!$B:$AAS,$AC12,FALSE) -> 0.071 | Z12: =HLOOKUP(Z$2,Models_Results!$B:$AAS,$AC12,FALSE) -> -0.219 | AA12: =HLOOKUP(AA$2,Models_Results!$B:$AAS,$AC12,FALSE) -> 0.072 | AC12: 9 | AI12: -0.069314085 | AJ12: 0.27815626 | AL12: -0.12689907 | AM12: 0.036659403 | AN12: -0.32572273 | AO12: 0.025309667 | AP12: 0.27815626
A13: =A12+0.25 -> 2027 | C13: =HLOOKUP(C$2,Models_Results!$B:$AP,$AC13,FALSE) -> 0.078 | D13: =HLOOKUP(D$2,Models_Results!$B:$AP,$AC13,FALSE) -> -0.166 | E13: =HLOOKUP(E$2,Models_Results!$B:$AP,$AC13,FALSE) -> -0.282 | F13: =HLOOKUP(F$2,Models_Results!$B:$AP,$AC13,FALSE) -> -0.016 | G13: =HLOOKUP(G$2,Models_Results!$B:$AP,$AC13,FALSE) -> -0.136 | H13: =HLOOKUP(H$2,Models_Results!$B:$AP,$AC13,FALSE) -> -0.336 | I13: =HLOOKUP(I$2,Models_Results!$B:$AP,$AC13,FALSE) -> -0.246 | J13: =HLOOKUP(J$2,Models_Results!$B:$AP,$AC13,FALSE) -> -0.918 | K13: =HLOOKUP(K$2,Models_Results!$B:$AP,$AC13,FALSE) -> 0.424 | N13: =HLOOKUP(N$2,Models_Results!$B:$AP,$AC13,FALSE) -> 0.387 | O13: =HLOOKUP(O$2,Models_Results!$B:$AP,$AC13,FALSE) -> -0.125 | P13: =HLOOKUP(P$2,Models_Results!$B:$AP,$AC13,FALSE) -> -0.01 | Q13: =HLOOKUP(Q$2,Models_Results!$B:$AAS,$AC13,FALSE) -> 0.016 | R13: =HLOOKUP(R$2,Models_Results!$B:$AP,$AC13,FALSE) -> 0.138 | S13: =HLOOKUP(S$2,Models_Results!$B:$AP,$AC13,FALSE) -> -0.019 | T13: =HLOOKUP(T$2,Models_Results!$B:$AP,$AC13,FALSE) -> 0.387 | U13: =HLOOKUP(U$2,Models_Results!$B:$AP,$AC13,FALSE) -> -0.125 | V13: =HLOOKUP(V$2,Models_Results!$B:$AP,$AC13,FALSE) -> -0.074 | W13: =HLOOKUP(W$2,Models_Results!$B:$AAS,$AC13,FALSE) -> 0.035 | X13: =HLOOKUP(X$2,Models_Results!$B:$AP,$AC13,FALSE) -> 0.094 | Y13: =HLOOKUP(Y$2,Models_Results!$B:$AAS,$AC13,FALSE) -> -0.003 | Z13: =HLOOKUP(Z$2,Models_Results!$B:$AAS,$AC13,FALSE) -> -0.168 | AA13: =HLOOKUP(AA$2,Models_Results!$B:$AAS,$AC13,FALSE) -> 0.012 | AC13: 10 | AI13: -0.12539323 | AJ13: 0.38689786 | AL13: -0.16558989 | AM13: 0.077510446 | AN13: -0.28219152 | AO13: 0.13845113 | AP13: 0.38689786
A14: =A13+0.25 -> 2027.25 | C14: =HLOOKUP(C$2,Models_Results!$B:$AP,$AC14,FALSE) -> 0.117 | D14: =HLOOKUP(D$2,Models_Results!$B:$AP,$AC14,FALSE) -> -0.198 | E14: =HLOOKUP(E$2,Models_Results!$B:$AP,$AC14,FALSE) -> -0.229 | F14: =HLOOKUP(F$2,Models_Results!$B:$AP,$AC14,FALSE) -> 0.023 | G14: =HLOOKUP(G$2,Models_Results!$B:$AP,$AC14,FALSE) -> -0.176 | H14: =HLOOKUP(H$2,Models_Results!$B:$AP,$AC14,FALSE) -> -0.288 | I14: =HLOOKUP(I$2,Models_Results!$B:$AP,$AC14,FALSE) -> -0.229 | J14: =HLOOKUP(J$2,Models_Results!$B:$AP,$AC14,FALSE) -> -0.946 | K14: =HLOOKUP(K$2,Models_Results!$B:$AP,$AC14,FALSE) -> 0.491 | N14: =HLOOKUP(N$2,Models_Results!$B:$AP,$AC14,FALSE) -> 0.493 | O14: =HLOOKUP(O$2,Models_Results!$B:$AP,$AC14,FALSE) -> -0.169 | P14: =HLOOKUP(P$2,Models_Results!$B:$AP,$AC14,FALSE) -> 0.116 | Q14: =HLOOKUP(Q$2,Models_Results!$B:$AAS,$AC14,FALSE) -> -0.052 | R14: =HLOOKUP(R$2,Models_Results!$B:$AP,$AC14,FALSE) -> 0.253 | S14: =HLOOKUP(S$2,Models_Results!$B:$AP,$AC14,FALSE) -> -0.078 | T14: =HLOOKUP(T$2,Models_Results!$B:$AP,$AC14,FALSE) -> 0.493 | U14: =HLOOKUP(U$2,Models_Results!$B:$AP,$AC14,FALSE) -> -0.169 | V14: =HLOOKUP(V$2,Models_Results!$B:$AP,$AC14,FALSE) -> 0.056 | W14: =HLOOKUP(W$2,Models_Results!$B:$AAS,$AC14,FALSE) -> -0.037 | X14: =HLOOKUP(X$2,Models_Results!$B:$AP,$AC14,FALSE) -> 0.211 | Y14: =HLOOKUP(Y$2,Models_Results!$B:$AAS,$AC14,FALSE) -> -0.065 | Z14: =HLOOKUP(Z$2,Models_Results!$B:$AAS,$AC14,FALSE) -> -0.114 | AA14: =HLOOKUP(AA$2,Models_Results!$B:$AAS,$AC14,FALSE) -> -0.037 | AC14: 11 | AI14: -0.16901331 | AJ14: 0.49253816 | AL14: -0.19832091 | AM14: 0.11720767 | AN14: -0.22900922 | AO14: 0.25300012 | AP14: 0.49253816
A15: =A14+0.25 -> 2027.5 | C15: =HLOOKUP(C$2,Models_Results!$B:$AP,$AC15,FALSE) -> 0.156 | D15: =HLOOKUP(D$2,Models_Results!$B:$AP,$AC15,FALSE) -> -0.225 | E15: =HLOOKUP(E$2,Models_Results!$B:$AP,$AC15,FALSE) -> -0.169 | F15: =HLOOKUP(F$2,Models_Results!$B:$AP,$AC15,FALSE) -> 0.061 | G15: =HLOOKUP(G$2,Models_Results!$B:$AP,$AC15,FALSE) -> -0.21 | H15: =HLOOKUP(H$2,Models_Results!$B:$AP,$AC15,FALSE) -> -0.232 | I15: =HLOOKUP(I$2,Models_Results!$B:$AP,$AC15,FALSE) -> -0.206 | J15: =HLOOKUP(J$2,Models_Results!$B:$AP,$AC15,FALSE) -> -0.962 | K15: =HLOOKUP(K$2,Models_Results!$B:$AP,$AC15,FALSE) -> 0.562 | N15: =HLOOKUP(N$2,Models_Results!$B:$AP,$AC15,FALSE) -> 0.595 | O15: =HLOOKUP(O$2,Models_Results!$B:$AP,$AC15,FALSE) -> -0.201 | P15: =HLOOKUP(P$2,Models_Results!$B:$AP,$AC15,FALSE) -> 0.245 | Q15: =HLOOKUP(Q$2,Models_Results!$B:$AAS,$AC15,FALSE) -> -0.108 | R15: =HLOOKUP(R$2,Models_Results!$B:$AP,$AC15,FALSE) -> 0.369 | S15: =HLOOKUP(S$2,Models_Results!$B:$AP,$AC15,FALSE) -> -0.125 | T15: =HLOOKUP(T$2,Models_Results!$B:$AP,$AC15,FALSE) -> 0.595 | U15: =HLOOKUP(U$2,Models_Results!$B:$AP,$AC15,FALSE) -> -0.201 | V15: =HLOOKUP(V$2,Models_Results!$B:$AP,$AC15,FALSE) -> 0.192 | W15: =HLOOKUP(W$2,Models_Results!$B:$AAS,$AC15,FALSE) -> -0.096 | X15: =HLOOKUP(X$2,Models_Results!$B:$AP,$AC15,FALSE) -> 0.33 | Y15: =HLOOKUP(Y$2,Models_Results!$B:$AAS,$AC15,FALSE) -> -0.114 | Z15: =HLOOKUP(Z$2,Models_Results!$B:$AAS,$AC15,FALSE) -> -0.057 | AA15: =HLOOKUP(AA$2,Models_Results!$B:$AAS,$AC15,FALSE) -> -0.077 | AC15: 12 | AI15: -0.20091586 | AJ15: 0.59509751 | AL15: -0.22543097 | AM15: 0.15577526 | AN15: -0.16870935 | AO15: 0.36875553 | AP15: 0.59509751
A16: =A15+0.25 -> 2027.75 | C16: =HLOOKUP(C$2,Models_Results!$B:$AP,$AC16,FALSE) -> 0.193 | D16: =HLOOKUP(D$2,Models_Results!$B:$AP,$AC16,FALSE) -> -0.247 | E16: =HLOOKUP(E$2,Models_Results!$B:$AP,$AC16,FALSE) -> -0.103 | F16: =HLOOKUP(F$2,Models_Results!$B:$AP,$AC16,FALSE) -> 0.098 | G16: =HLOOKUP(G$2,Models_Results!$B:$AP,$AC16,FALSE) -> -0.239 | H16: =HLOOKUP(H$2,Models_Results!$B:$AP,$AC16,FALSE) -> -0.17 | I16: =HLOOKUP(I$2,Models_Results!$B:$AP,$AC16,FALSE) -> -0.177 | J16: =HLOOKUP(J$2,Models_Results!$B:$AP,$AC16,FALSE) -> -0.969 | K16: =HLOOKUP(K$2,Models_Results!$B:$AP,$AC16,FALSE) -> 0.636 | N16: =HLOOKUP(N$2,Models_Results!$B:$AP,$AC16,FALSE) -> 0.695 | O16: =HLOOKUP(O$2,Models_Results!$B:$AP,$AC16,FALSE) -> -0.222 | P16: =HLOOKUP(P$2,Models_Results!$B:$AP,$AC16,FALSE) -> 0.378 | Q16: =HLOOKUP(Q$2,Models_Results!$B:$AAS,$AC16,FALSE) -> -0.152 | R16: =HLOOKUP(R$2,Models_Results!$B:$AP,$AC16,FALSE) -> 0.486 | S16: =HLOOKUP(S$2,Models_Results!$B:$AP,$AC16,FALSE) -> -0.16 | T16: =HLOOKUP(T$2,Models_Results!$B:$AP,$AC16,FALSE) -> 0.695 | U16: =HLOOKUP(U$2,Models_Results!$B:$AP,$AC16,FALSE) -> -0.222 | V16: =HLOOKUP(V$2,Models_Results!$B:$AP,$AC16,FALSE) -> 0.333 | W16: =HLOOKUP(W$2,Models_Results!$B:$AAS,$AC16,FALSE) -> -0.144 | X16: =HLOOKUP(X$2,Models_Results!$B:$AP,$AC16,FALSE) -> 0.452 | Y16: =HLOOKUP(Y$2,Models_Results!$B:$AAS,$AC16,FALSE) -> -0.153 | Z16: =HLOOKUP(Z$2,Models_Results!$B:$AAS,$AC16,FALSE) -> 0.002 | AA16: =HLOOKUP(AA$2,Models_Results!$B:$AAS,$AC16,FALSE) -> -0.108 | AC16: 13 | AI16: -0.22186229 | AJ16: 0.69463949 | AL16: -0.24725774 | AM16: 0.19325679 | AN16: -0.10328051 | AO16: 0.48558031 | AP16: 0.69463949
A17: =A16+0.25 -> 2028 | C17: =HLOOKUP(C$2,Models_Results!$B:$AP,$AC17,FALSE) -> 0.23 | D17: =HLOOKUP(D$2,Models_Results!$B:$AP,$AC17,FALSE) -> -0.264 | E17: =HLOOKUP(E$2,Models_Results!$B:$AP,$AC17,FALSE) -> -0.034 | F17: =HLOOKUP(F$2,Models_Results!$B:$AP,$AC17,FALSE) -> 0.136 | G17: =HLOOKUP(G$2,Models_Results!$B:$AP,$AC17,FALSE) -> -0.263 | H17: =HLOOKUP(H$2,Models_Results!$B:$AP,$AC17,FALSE) -> -0.104 | I17: =HLOOKUP(I$2,Models_Results!$B:$AP,$AC17,FALSE) -> -0.143 | J17: =HLOOKUP(J$2,Models_Results!$B:$AP,$AC17,FALSE) -> -0.967 | K17: =HLOOKUP(K$2,Models_Results!$B:$AP,$AC17,FALSE) -> 0.71 | N17: =HLOOKUP(N$2,Models_Results!$B:$AP,$AC17,FALSE) -> 0.791 | O17: =HLOOKUP(O$2,Models_Results!$B:$AP,$AC17,FALSE) -> -0.233 | P17: =HLOOKUP(P$2,Models_Results!$B:$AP,$AC17,FALSE) -> 0.514 | Q17: =HLOOKUP(Q$2,Models_Results!$B:$AAS,$AC17,FALSE) -> -0.185 | R17: =HLOOKUP(R$2,Models_Results!$B:$AP,$AC17,FALSE) -> 0.603 | S17: =HLOOKUP(S$2,Models_Results!$B:$AP,$AC17,FALSE) -> -0.186 | T17: =HLOOKUP(T$2,Models_Results!$B:$AP,$AC17,FALSE) -> 0.791 | U17: =HLOOKUP(U$2,Models_Results!$B:$AP,$AC17,FALSE) -> -0.233 | V17: =HLOOKUP(V$2,Models_Results!$B:$AP,$AC17,FALSE) -> 0.479 | W17: =HLOOKUP(W$2,Models_Results!$B:$AAS,$AC17,FALSE) -> -0.181 | X17: =HLOOKUP(X$2,Models_Results!$B:$AP,$AC17,FALSE) -> 0.574 | Y17: =HLOOKUP(Y$2,Models_Results!$B:$AAS,$AC17,FALSE) -> -0.18 | Z17: =HLOOKUP(Z$2,Models_Results!$B:$AAS,$AC17,FALSE) -> 0.063 | AA17: =HLOOKUP(AA$2,Models_Results!$B:$AAS,$AC17,FALSE) -> -0.13 | AC17: 14 | AI17: -0.23259429 | AJ17: 0.79124102 | AL17: -0.26412258 | AM17: 0.2297001 | AN17: -0.034276428 | AO17: 0.60336389 | AP17: 0.79124102
A18: =A17+0.25 -> 2028.25 | C18: =HLOOKUP(C$2,Models_Results!$B:$AP,$AC18,FALSE) -> 0.265 | D18: =HLOOKUP(D$2,Models_Results!$B:$AP,$AC18,FALSE) -> -0.276 | E18: =HLOOKUP(E$2,Models_Results!$B:$AP,$AC18,FALSE) -> 0.037 | F18: =HLOOKUP(F$2,Models_Results!$B:$AP,$AC18,FALSE) -> 0.173 | G18: =HLOOKUP(G$2,Models_Results!$B:$AP,$AC18,FALSE) -> -0.282 | H18: =HLOOKUP(H$2,Models_Results!$B:$AP,$AC18,FALSE) -> -0.035 | I18: =HLOOKUP(I$2,Models_Results!$B:$AP,$AC18,FALSE) -> -0.105 | J18: =HLOOKUP(J$2,Models_Results!$B:$AP,$AC18,FALSE) -> -0.958 | K18: =HLOOKUP(K$2,Models_Results!$B:$AP,$AC18,FALSE) -> 0.786 | N18: =HLOOKUP(N$2,Models_Results!$B:$AP,$AC18,FALSE) -> 0.885 | O18: =HLOOKUP(O$2,Models_Results!$B:$AP,$AC18,FALSE) -> -0.234 | P18: =HLOOKUP(P$2,Models_Results!$B:$AP,$AC18,FALSE) -> 0.653 | Q18: =HLOOKUP(Q$2,Models_Results!$B:$AAS,$AC18,FALSE) -> -0.208 | R18: =HLOOKUP(R$2,Models_Results!$B:$AP,$AC18,FALSE) -> 0.722 | S18: =HLOOKUP(S$2,Models_Results!$B:$AP,$AC18,FALSE) -> -0.201 | T18: =HLOOKUP(T$2,Models_Results!$B:$AP,$AC18,FALSE) -> 0.885 | U18: =HLOOKUP(U$2,Models_Results!$B:$AP,$AC18,FALSE) -> -0.234 | V18: =HLOOKUP(V$2,Models_Results!$B:$AP,$AC18,FALSE) -> 0.628 | W18: =HLOOKUP(W$2,Models_Results!$B:$AAS,$AC18,FALSE) -> -0.207 | X18: =HLOOKUP(X$2,Models_Results!$B:$AP,$AC18,FALSE) -> 0.699 | Y18: =HLOOKUP(Y$2,Models_Results!$B:$AAS,$AC18,FALSE) -> -0.197 | Z18: =HLOOKUP(Z$2,Models_Results!$B:$AAS,$AC18,FALSE) -> 0.127 | AA18: =HLOOKUP(AA$2,Models_Results!$B:$AAS,$AC18,FALSE) -> -0.144 | AC18: 15 | AI18: -0.23382082 | AJ18: 0.88498219 | AL18: -0.27632703 | AM18: 0.26515227 | AN18: 0.037093132 | AO18: 0.72200909 | AP18: 0.88498219
A19: =A18+0.25 -> 2028.5 | C19: =HLOOKUP(C$2,Models_Results!$B:$AP,$AC19,FALSE) -> 0.3 | D19: =HLOOKUP(D$2,Models_Results!$B:$AP,$AC19,FALSE) -> -0.284 | E19: =HLOOKUP(E$2,Models_Results!$B:$AP,$AC19,FALSE) -> 0.11 | F19: =HLOOKUP(F$2,Models_Results!$B:$AP,$AC19,FALSE) -> 0.21 | G19: =HLOOKUP(G$2,Models_Results!$B:$AP,$AC19,FALSE) -> -0.297 | H19: =HLOOKUP(H$2,Models_Results!$B:$AP,$AC19,FALSE) -> 0.036 | I19: =HLOOKUP(I$2,Models_Results!$B:$AP,$AC19,FALSE) -> -0.064 | J19: =HLOOKUP(J$2,Models_Results!$B:$AP,$AC19,FALSE) -> -0.941 | K19: =HLOOKUP(K$2,Models_Results!$B:$AP,$AC19,FALSE) -> 0.86 | N19: =HLOOKUP(N$2,Models_Results!$B:$AP,$AC19,FALSE) -> 0.976 | O19: =HLOOKUP(O$2,Models_Results!$B:$AP,$AC19,FALSE) -> -0.226 | P19: =HLOOKUP(P$2,Models_Results!$B:$AP,$AC19,FALSE) -> 0.795 | Q19: =HLOOKUP(Q$2,Models_Results!$B:$AAS,$AC19,FALSE) -> -0.221 | R19: =HLOOKUP(R$2,Models_Results!$B:$AP,$AC19,FALSE) -> 0.841 | S19: =HLOOKUP(S$2,Models_Results!$B:$AP,$AC19,FALSE) -> -0.206 | T19: =HLOOKUP(T$2,Models_Results!$B:$AP,$AC19,FALSE) -> 0.976 | U19: =HLOOKUP(U$2,Models_Results!$B:$AP,$AC19,FALSE) -> -0.226 | V19: =HLOOKUP(V$2,Models_Results!$B:$AP,$AC19,FALSE) -> 0.782 | W19: =HLOOKUP(W$2,Models_Results!$B:$AAS,$AC19,FALSE) -> -0.223 | X19: =HLOOKUP(X$2,Models_Results!$B:$AP,$AC19,FALSE) -> 0.825 | Y19: =HLOOKUP(Y$2,Models_Results!$B:$AAS,$AC19,FALSE) -> -0.205 | Z19: =HLOOKUP(Z$2,Models_Results!$B:$AAS,$AC19,FALSE) -> 0.192 | AA19: =HLOOKUP(AA$2,Models_Results!$B:$AAS,$AC19,FALSE) -> -0.151 | AC19: 16 | AI19: -0.22621474 | AJ19: 0.97594285 | AL19: -0.28415313 | AM19: 0.29965807 | AN19: 0.10988945 | AO19: 0.84142743 | AP19: 0.97594285
A20: =A19+0.25 -> 2028.75 | C20: =HLOOKUP(C$2,Models_Results!$B:$AP,$AC20,FALSE) -> 0.333 | D20: =HLOOKUP(D$2,Models_Results!$B:$AP,$AC20,FALSE) -> -0.288 | E20: =HLOOKUP(E$2,Models_Results!$B:$AP,$AC20,FALSE) -> 0.183 | F20: =HLOOKUP(F$2,Models_Results!$B:$AP,$AC20,FALSE) -> 0.246 | G20: =HLOOKUP(G$2,Models_Results!$B:$AP,$AC20,FALSE) -> -0.308 | H20: =HLOOKUP(H$2,Models_Results!$B:$AP,$AC20,FALSE) -> 0.108 | I20: =HLOOKUP(I$2,Models_Results!$B:$AP,$AC20,FALSE) -> -0.021 | J20: =HLOOKUP(J$2,Models_Results!$B:$AP,$AC20,FALSE) -> -0.919 | K20: =HLOOKUP(K$2,Models_Results!$B:$AP,$AC20,FALSE) -> 0.934 | N20: =HLOOKUP(N$2,Models_Results!$B:$AP,$AC20,FALSE) -> 1.064 | O20: =HLOOKUP(O$2,Models_Results!$B:$AP,$AC20,FALSE) -> -0.21 | P20: =HLOOKUP(P$2,Models_Results!$B:$AP,$AC20,FALSE) -> 0.94 | Q20: =HLOOKUP(Q$2,Models_Results!$B:$AAS,$AC20,FALSE) -> -0.224 | R20: =HLOOKUP(R$2,Models_Results!$B:$AP,$AC20,FALSE) -> 0.962 | S20: =HLOOKUP(S$2,Models_Results!$B:$AP,$AC20,FALSE) -> -0.203 | T20: =HLOOKUP(T$2,Models_Results!$B:$AP,$AC20,FALSE) -> 1.064 | U20: =HLOOKUP(U$2,Models_Results!$B:$AP,$AC20,FALSE) -> -0.21 | V20: =HLOOKUP(V$2,Models_Results!$B:$AP,$AC20,FALSE) -> 0.939 | W20: =HLOOKUP(W$2,Models_Results!$B:$AAS,$AC20,FALSE) -> -0.23 | X20: =HLOOKUP(X$2,Models_Results!$B:$AP,$AC20,FALSE) -> 0.952 | Y20: =HLOOKUP(Y$2,Models_Results!$B:$AAS,$AC20,FALSE) -> -0.204 | Z20: =HLOOKUP(Z$2,Models_Results!$B:$AAS,$AC20,FALSE) -> 0.26 | AA20: =HLOOKUP(AA$2,Models_Results!$B:$AAS,$AC20,FALSE) -> -0.15 | AC20: 17 | AI20: -0.21041271 | AJ20: 1.0642014 | AL20: -0.28786475 | AM20: 0.33325959 | AN20: 0.18338702 | AO20: 0.96153719 | AP20: 1.0642014
A21: =A20+0.25 -> 2029 | C21: =HLOOKUP(C$2,Models_Results!$B:$AP,$AC21,FALSE) -> 0.366 | D21: =HLOOKUP(D$2,Models_Results!$B:$AP,$AC21,FALSE) -> -0.288 | E21: =HLOOKUP(E$2,Models_Results!$B:$AP,$AC21,FALSE) -> 0.257 | F21: =HLOOKUP(F$2,Models_Results!$B:$AP,$AC21,FALSE) -> 0.283 | G21: =HLOOKUP(G$2,Models_Results!$B:$AP,$AC21,FALSE) -> -0.314 | H21: =HLOOKUP(H$2,Models_Results!$B:$AP,$AC21,FALSE) -> 0.18 | I21: =HLOOKUP(I$2,Models_Results!$B:$AP,$AC21,FALSE) -> 0.024 | J21: =HLOOKUP(J$2,Models_Results!$B:$AP,$AC21,FALSE) -> -0.892 | K21: =HLOOKUP(K$2,Models_Results!$B:$AP,$AC21,FALSE) -> 1.007 | N21: =HLOOKUP(N$2,Models_Results!$B:$AP,$AC21,FALSE) -> 1.15 | O21: =HLOOKUP(O$2,Models_Results!$B:$AP,$AC21,FALSE) -> -0.187 | P21: =HLOOKUP(P$2,Models_Results!$B:$AP,$AC21,FALSE) -> 1.088 | Q21: =HLOOKUP(Q$2,Models_Results!$B:$AAS,$AC21,FALSE) -> -0.219 | R21: =HLOOKUP(R$2,Models_Results!$B:$AP,$AC21,FALSE) -> 1.082 | S21: =HLOOKUP(S$2,Models_Results!$B:$AP,$AC21,FALSE) -> -0.191 | T21: =HLOOKUP(T$2,Models_Results!$B:$AP,$AC21,FALSE) -> 1.15 | U21: =HLOOKUP(U$2,Models_Results!$B:$AP,$AC21,FALSE) -> -0.187 | V21: =HLOOKUP(V$2,Models_Results!$B:$AP,$AC21,FALSE) -> 1.1 | W21: =HLOOKUP(W$2,Models_Results!$B:$AAS,$AC21,FALSE) -> -0.227 | X21: =HLOOKUP(X$2,Models_Results!$B:$AP,$AC21,FALSE) -> 1.08 | Y21: =HLOOKUP(Y$2,Models_Results!$B:$AAS,$AC21,FALSE) -> -0.194 | Z21: =HLOOKUP(Z$2,Models_Results!$B:$AAS,$AC21,FALSE) -> 0.33 | AA21: =HLOOKUP(AA$2,Models_Results!$B:$AAS,$AC21,FALSE) -> -0.143 | AC21: 18 | AI21: -0.18701624 | AJ21: 1.1498345 | AL21: -0.28770923 | AM21: 0.36599621 | AN21: 0.25702792 | AO21: 1.0822626 | AP21: 1.1498345
... A104: =A103+0.25 -> 2049.75 | C104: =HLOOKUP(C$2,Models_Results!$B:$AP,$AC104,FALSE) -> 1.634 | D104: =HLOOKUP(D$2,Models_Results!$B:$AP,$AC104,FALSE) -> 3.122 | E104: =HLOOKUP(E$2,Models_Results!$B:$AP,$AC104,FALSE) -> 3.183 | F104: =HLOOKUP(F$2,Models_Results!$B:$AP,$AC104,FALSE) -> 2.99 | G104: =HLOOKUP(G$2,Models_Results!$B:$AP,$AC104,FALSE) -> 3.758 | H104: =HLOOKUP(H$2,Models_Results!$B:$AP,$AC104,FALSE) -> 4.083 | I104: =HLOOKUP(I$2,Models_Results!$B:$AP,$AC104,FALSE) -> 3.662 | J104: =HLOOKUP(J$2,Models_Results!$B:$AP,$AC104,FALSE) -> 5.568 | K104: =HLOOKUP(K$2,Models_Results!$B:$AP,$AC104,FALSE) -> 1.276 | N104: =HLOOKUP(N$2,Models_Results!$B:$AP,$AC104,FALSE) -> 3.66 | O104: =HLOOKUP(O$2,Models_Results!$B:$AP,$AC104,FALSE) -> 5.658 | P104: =HLOOKUP(P$2,Models_Results!$B:$AP,$AC104,FALSE) -> 13.122 | Q104: =HLOOKUP(Q$2,Models_Results!$B:$AAS,$AC104,FALSE) -> 9.332 | R104: =HLOOKUP(R$2,Models_Results!$B:$AP,$AC104,FALSE) -> 10.853 | S104: =HLOOKUP(S$2,Models_Results!$B:$AP,$AC104,FALSE) -> 7.892 | T104: =HLOOKUP(T$2,Models_Results!$B:$AP,$AC104,FALSE) -> 3.66 | U104: =HLOOKUP(U$2,Models_Results!$B:$AP,$AC104,FALSE) -> 5.658 | V104: =HLOOKUP(V$2,Models_Results!$B:$AP,$AC104,FALSE) -> 14.694 | W104: =HLOOKUP(W$2,Models_Results!$B:$AAS,$AC104,FALSE) -> 9.895 | X104: =HLOOKUP(X$2,Models_Results!$B:$AP,$AC104,FALSE) -> 12.096 | Y104: =HLOOKUP(Y$2,Models_Results!$B:$AAS,$AC104,FALSE) -> 8.253 | Z104: =HLOOKUP(Z$2,Models_Results!$B:$AAS,$AC104,FALSE) -> 10.786 | AA104: =HLOOKUP(AA$2,Models_Results!$B:$AAS,$AC104,FALSE) -> 6.641 | AC104: 101 | AI104: 5.6578964 | AJ104: 3.6600565 | AL104: 3.1223115 | AM104: 1.6343 | AN104: 3.1829102 | AO104: 10.852841 | AP104: 3.6600565
A105: =A104+0.25 -> 2050 | C105: =HLOOKUP(C$2,Models_Results!$B:$AP,$AC105,FALSE) -> 1.64 | D105: =HLOOKUP(D$2,Models_Results!$B:$AP,$AC105,FALSE) -> 3.158 | E105: =HLOOKUP(E$2,Models_Results!$B:$AP,$AC105,FALSE) -> 3.195 | F105: =HLOOKUP(F$2,Models_Results!$B:$AP,$AC105,FALSE) -> 3.022 | G105: =HLOOKUP(G$2,Models_Results!$B:$AP,$AC105,FALSE) -> 3.815 | H105: =HLOOKUP(H$2,Models_Results!$B:$AP,$AC105,FALSE) -> 4.114 | I105: =HLOOKUP(I$2,Models_Results!$B:$AP,$AC105,FALSE) -> 3.69 | J105: =HLOOKUP(J$2,Models_Results!$B:$AP,$AC105,FALSE) -> 5.607 | K105: =HLOOKUP(K$2,Models_Results!$B:$AP,$AC105,FALSE) -> 1.279 | N105: =HLOOKUP(N$2,Models_Results!$B:$AP,$AC105,FALSE) -> 3.666 | O105: =HLOOKUP(O$2,Models_Results!$B:$AP,$AC105,FALSE) -> 5.698 | P105: =HLOOKUP(P$2,Models_Results!$B:$AP,$AC105,FALSE) -> 13.177 | Q105: =HLOOKUP(Q$2,Models_Results!$B:$AAS,$AC105,FALSE) -> 9.438 | R105: =HLOOKUP(R$2,Models_Results!$B:$AP,$AC105,FALSE) -> 10.972 | S105: =HLOOKUP(S$2,Models_Results!$B:$AP,$AC105,FALSE) -> 7.985 | T105: =HLOOKUP(T$2,Models_Results!$B:$AP,$AC105,FALSE) -> 3.666 | U105: =HLOOKUP(U$2,Models_Results!$B:$AP,$AC105,FALSE) -> 5.698 | V105: =HLOOKUP(V$2,Models_Results!$B:$AP,$AC105,FALSE) -> 14.757 | W105: =HLOOKUP(W$2,Models_Results!$B:$AAS,$AC105,FALSE) -> 10.01 | X105: =HLOOKUP(X$2,Models_Results!$B:$AP,$AC105,FALSE) -> 12.232 | Y105: =HLOOKUP(Y$2,Models_Results!$B:$AAS,$AC105,FALSE) -> 8.354 | Z105: =HLOOKUP(Z$2,Models_Results!$B:$AAS,$AC105,FALSE) -> 10.934 | AA105: =HLOOKUP(AA$2,Models_Results!$B:$AAS,$AC105,FALSE) -> 6.734 | AC105: 102 | AI105: 5.6976244 | AJ105: 3.6660679 | AL105: 3.1584462 | AM105: 1.6404076 | AN105: 3.1949816 | AO105: 10.971635 | AP105: 3.6660679 | AQ105: =AO105-AP105 -> 7.3055672
AO106: 11.091674 | AP106: 3.6718877
AO107: 11.208714 | AP107: 3.6775217
AO108: 11.322318 | AP108: 3.682976
AO109: 11.432493 | AP109: 3.6882562
AO110: 11.539328 | AP110: 3.6933678
AO111: 11.64292 | AP111: 3.6983162
AO112: 11.743364 | AP112: 3.7031065
AO113: 11.840753 | AP113: 3.7077439
AO114: 11.935178 | AP114: 3.7122331
AO115: 12.026724 | AP115: 3.7165789
AO116: 12.115477 | AP116: 3.7207858
AO117: 12.201518 | AP117: 3.7248582
... AO2006: 0 | AP2006: 0

Sheet Models_Results
A1: Variables -> | B1: Model_HumanCapital_epsi_ig___yd | C1: Model_HumanCapital_epsi_cge___yd | D1: Model_HumanCapital_epsi_cgrd___yd | E1: Model_HumanCapital_epsi_igCgrd___yd | F1: Model_HumanCapital_epsi_igCge___yd | G1: Model_HumanCapital_epsi_cgeCgrd___yd | H1: Model_HumanCapital_epsieff30y___yd | I1: Model_HumanCapital_epsieffcge30y___yd | J1: Model_HumanCapital_epsi_igeff30y___yd | K1: Model_HumanCapital_epsi_igeff25y___yd | L1: Model_HumanCapital_epsi_igeff10y___yd | M1: Model_HumanCapital_epsi_igeff5y___yd | N1: Model_HumanCapital_epsi_cgeeff30y___yd | O1: Model_HumanCapital_epsi_cgeeff25y___yd | P1: Model_HumanCapital_epsi_cgeeff10y___yd | Q1: Model_HumanCapital_epsi_cgeeff5y___yd | R1: Model_HumanCapital_epsi_igeff10y_al___yd | S1: Model_HumanCapital_epsi_cgeeff10y_al___yd | T1: Model_HumanCapital_epsi_cgrd_eff___yd | U1: Model_HumanCapital_epsi_cgrd_eff25y___yd | V1: Model_HumanCapital_epsicgrd_cge_adt___yd | W1: Model_HumanCapital_epsicgrd_cge_limt___yd | X1: EM_Model_HumanCapital_epsiig___yd | Y1: EM_Model_HumanCapital_epsiiglow___yd | Z1: EM_Model_HumanCapital_epsicge___yd | AA1: EM_Model_HumanCapital_epsicgelow___yd | AB1: EM_Model_HumanCapital_epsiigCge___yd | AC1: EM_Model_HumanCapital_epsiigCgeVarShare___yd | AD1: EM_Model_HumanCapital_epsieff30y___yd | AE1: EM_Model_HumanCapital_epsieffcge30y___yd | AF1: EM_Model_HumanCapital_epsiigeff30y___yd | AG1: EM_Model_HumanCapital_epsiigeff30ylow___yd | AH1: EM_Model_HumanCapital_epsiigeff25y___yd | AI1: EM_Model_HumanCapital_epsiigeff25ylow___yd | AJ1: EM_Model_HumanCapital_epsiigeff10y___yd | AK1: EM_Model_HumanCapital_epsiigeff10ylow___yd | AL1: EM_Model_HumanCapital_epsiigeff5y___yd | AM1: EM_Model_HumanCapital_epsiigLAGeff10y___yd | AN1: EM_Model_HumanCapital_epsicgeeff30y___yd | AO1: EM_Model_HumanCapital_epsicgeeff30ylow___yd | AP1: EM_Model_HumanCapital_epsicgeeff25y___yd | AQ1: EM_Model_HumanCapital_epsicgeeff25ylow___yd | AR1: EM_Model_HumanCapital_epsicgeeff10y___yd | AS1: EM_Model_HumanCapital_epsicgeeff10ylow___yd | AT1: EM_Model_HumanCapital_epsicgeeff5y___yd | AU1: EM_Model_HumanCapital_epsicgeLAGeff10y___yd | AV1: EM_Model_HumanCapital_epsiigeff25y_al___yd | AW1: EM_Model_HumanCapital_epsicgeeff25y_al___yd | AX1: Model_HumanCapital_epsi_ig___C | AY1: Model_HumanCapital_epsi_cge___C | AZ1: Model_HumanCapital_epsi_cgrd___C | BA1: Model_HumanCapital_epsi_igCgrd___C | BB1: Model_HumanCapital_epsi_igCge___C | BC1: Model_HumanCapital_epsi_cgeCgrd___C | BD1: Model_HumanCapital_epsieff30y___C | BE1: Model_HumanCapital_epsieffcge30y___C | BF1: Model_HumanCapital_epsi_igeff30y___C | BG1: Model_HumanCapital_epsi_igeff25y___C | BH1: Model_HumanCapital_epsi_igeff10y___C | BI1: Model_HumanCapital_epsi_igeff5y___C | BJ1: Model_HumanCapital_epsi_cgeeff30y___C | BK1: Model_HumanCapital_epsi_cgeeff25y___C | BL1: Model_HumanCapital_epsi_cgeeff10y___C | BM1: Model_HumanCapital_epsi_cgeeff5y___C | BN1: Model_HumanCapital_epsi_igeff10y_al___C | BO1: Model_HumanCapital_epsi_cgeeff10y_al___C | BP1: Model_HumanCapital_epsi_cgrd_eff___C | BQ1: Model_HumanCapital_epsi_cgrd_eff25y___C | BR1: Model_HumanCapital_epsicgrd_cge_adt___C | BS1: Model_HumanCapital_epsicgrd_cge_limt___C | BT1: EM_Model_HumanCapital_epsiig___C | BU1: EM_Model_HumanCapital_epsiiglow___C | BV1: EM_Model_HumanCapital_epsicge___C | BW1: EM_Model_HumanCapital_epsicgelow___C | BX1: EM_Model_HumanCapital_epsiigCge___C | BY1: EM_Model_HumanCapital_epsiigCgeVarShare___C | BZ1: EM_Model_HumanCapital_epsieff30y___C | CA1: EM_Model_HumanCapital_epsieffcge30y___C | CB1: EM_Model_HumanCapital_epsiigeff30y___C | CC1: EM_Model_HumanCapital_epsiigeff30ylow___C | CD1: EM_Model_HumanCapital_epsiigeff25y___C | CE1: EM_Model_HumanCapital_epsiigeff25ylow___C | CF1: EM_Model_HumanCapital_epsiigeff10y___C | CG1: EM_Model_HumanCapital_epsiigeff10ylow___C | CH1: EM_Model_HumanCapital_epsiigeff5y___C | CI1: EM_Model_HumanCapital_epsiigLAGeff10y___C | CJ1: EM_Model_HumanCapital_epsicgeeff30y___C | CK1: EM_Model_HumanCapital_epsicgeeff30ylow___C | CL1: EM_Model_HumanCapital_epsicgeeff25y___C | CM1: EM_Model_HumanCapital_epsicgeeff25ylow___C | CN1: EM_Model_HumanCapital_epsicgeeff10y___C | CO1: EM_Model_HumanCapital_epsicgeeff10ylow___C | CP1: EM_Model_HumanCapital_epsicgeeff5y___C | CQ1: EM_Model_HumanCapital_epsicgeLAGeff10y___C | CR1: EM_Model_HumanCapital_epsiigeff25y_al___C | CS1: EM_Model_HumanCapital_epsicgeeff25y_al___C | CT1: Model_HumanCapital_epsi_ig___Ip | CU1: Model_HumanCapital_epsi_cge___Ip | CV1: Model_HumanCapital_epsi_cgrd___Ip | CW1: Model_HumanCapital_epsi_igCgrd___Ip | CX1: Model_HumanCapital_epsi_igCge___Ip | CY1: Model_HumanCapital_epsi_cgeCgrd___Ip | CZ1: Model_HumanCapital_epsieff30y___Ip | DA1: Model_HumanCapital_epsieffcge30y___Ip | DB1: Model_HumanCapital_epsi_igeff30y___Ip | DC1: Model_HumanCapital_epsi_igeff25y___Ip | DD1: Model_HumanCapital_epsi_igeff10y___Ip | DE1: Model_HumanCapital_epsi_igeff5y___Ip | DF1: Model_HumanCapital_epsi_cgeeff30y___Ip | DG1: Model_HumanCapital_epsi_cgeeff25y___Ip | DH1: Model_HumanCapital_epsi_cgeeff10y___Ip | DI1: Model_HumanCapital_epsi_cgeeff5y___Ip | DJ1: Model_HumanCapital_epsi_igeff10y_al___Ip | DK1: Model_HumanCapital_epsi_cgeeff10y_al___Ip | DL1: Model_HumanCapital_epsi_cgrd_eff___Ip | DM1: Model_HumanCapital_epsi_cgrd_eff25y___Ip | DN1: Model_HumanCapital_epsicgrd_cge_adt___Ip | DO1: Model_HumanCapital_epsicgrd_cge_limt___Ip | DP1: EM_Model_HumanCapital_epsiig___Ip | DQ1: EM_Model_HumanCapital_epsiiglow___Ip | DR1: EM_Model_HumanCapital_epsicge___Ip | DS1: EM_Model_HumanCapital_epsicgelow___Ip | DT1: EM_Model_HumanCapital_epsiigCge___Ip | DU1: EM_Model_HumanCapital_epsiigCgeVarShare___Ip | DV1: EM_Model_HumanCapital_epsieff30y___Ip | DW1: EM_Model_HumanCapital_epsieffcge30y___Ip | DX1: EM_Model_HumanCapital_epsiigeff30y___Ip | DY1: EM_Model_HumanCapital_epsiigeff30ylow___Ip | DZ1: EM_Model_HumanCapital_epsiigeff25y___Ip | EA1: EM_Model_HumanCapital_epsiigeff25ylow___Ip | EB1: EM_Model_HumanCapital_epsiigeff10y___Ip | EC1: EM_Model_HumanCapital_epsiigeff10ylow___Ip | ED1: EM_Model_HumanCapital_epsiigeff5y___Ip | EE1: EM_Model_HumanCapital_epsiigLAGeff10y___Ip | EF1: EM_Model_HumanCapital_epsicgeeff30y___Ip | EG1: EM_Model_HumanCapital_epsicgeeff30ylow___Ip | EH1: EM_Model_HumanCapital_epsicgeeff25y___Ip | EI1: EM_Model_HumanCapital_epsicgeeff25ylow___Ip | EJ1: EM_Model_HumanCapital_epsicgeeff10y___Ip | EK1: EM_Model_HumanCapital_epsicgeeff10ylow___Ip | EL1: EM_Model_HumanCapital_epsicgeeff5y___Ip | EM1: EM_Model_HumanCapital_epsicgeLAGeff10y___Ip | EN1: EM_Model_HumanCapital_epsiigeff25y_al___Ip | EO1: EM_Model_HumanCapital_epsicgeeff25y_al___Ip | EP1: Model_HumanCapital_epsi_ig___Ig | EQ1: Model_HumanCapital_epsi_cge___Ig | ER1: Model_HumanCapital_epsi_cgrd___Ig | ES1: Model_HumanCapital_epsi_igCgrd___Ig | ET1: Model_HumanCapital_epsi_igCge___Ig | EU1: Model_HumanCapital_epsi_cgeCgrd___Ig | EV1: Model_HumanCapital_epsieff30y___Ig | EW1: Model_HumanCapital_epsieffcge30y___Ig | EX1: Model_HumanCapital_epsi_igeff30y___Ig | EY1: Model_HumanCapital_epsi_igeff25y___Ig | EZ1: Model_HumanCapital_epsi_igeff10y___Ig | FA1: Model_HumanCapital_epsi_igeff5y___Ig | FB1: Model_HumanCapital_epsi_cgeeff30y___Ig | FC1: Model_HumanCapital_epsi_cgeeff25y___Ig | FD1: Model_HumanCapital_epsi_cgeeff10y___Ig | FE1: Model_HumanCapital_epsi_cgeeff5y___Ig | FF1: Model_HumanCapital_epsi_igeff10y_al___Ig | FG1: Model_HumanCapital_epsi_cgeeff10y_al___Ig | FH1: Model_HumanCapital_epsi_cgrd_eff___Ig | FI1: Model_HumanCapital_epsi_cgrd_eff25y___Ig | FJ1: Model_HumanCapital_epsicgrd_cge_adt___Ig | FK1: Model_HumanCapital_epsicgrd_cge_limt___Ig | FL1: EM_Model_HumanCapital_epsiig___Ig | FM1: EM_Model_HumanCapital_epsiiglow___Ig | FN1: EM_Model_HumanCapital_epsicge___Ig | FO1: EM_Model_HumanCapital_epsicgelow___Ig | FP1: EM_Model_HumanCapital_epsiigCge___Ig | FQ1: EM_Model_HumanCapital_epsiigCgeVarShare___Ig | FR1: EM_Model_HumanCapital_epsieff30y___Ig | FS1: EM_Model_HumanCapital_epsieffcge30y___Ig | FT1: EM_Model_HumanCapital_epsiigeff30y___Ig | FU1: EM_Model_HumanCapital_epsiigeff30ylow___Ig | FV1: EM_Model_HumanCapital_epsiigeff25y___Ig | FW1: EM_Model_HumanCapital_epsiigeff25ylow___Ig | FX1: EM_Model_HumanCapital_epsiigeff10y___Ig | FY1: EM_Model_HumanCapital_epsiigeff10ylow___Ig | FZ1: EM_Model_HumanCapital_epsiigeff5y___Ig | GA1: EM_Model_HumanCapital_epsiigLAGeff10y___Ig | GB1: EM_Model_HumanCapital_epsicgeeff30y___Ig | GC1: EM_Model_HumanCapital_epsicgeeff30ylow___Ig | GD1: EM_Model_HumanCapital_epsicgeeff25y___Ig | GE1: EM_Model_HumanCapital_epsicgeeff25ylow___Ig | GF1: EM_Model_HumanCapital_epsicgeeff10y___Ig | GG1: EM_Model_HumanCapital_epsicgeeff10ylow___Ig | GH1: EM_Model_HumanCapital_epsicgeeff5y___Ig | GI1: EM_Model_HumanCapital_epsicgeLAGeff10y___Ig | GJ1: EM_Model_HumanCapital_epsiigeff25y_al___Ig | GK1: EM_Model_HumanCapital_epsicgeeff25y_al___Ig | GL1: Model_HumanCapital_epsi_ig___Cg | GM1: Model_HumanCapital_epsi_cge___Cg | GN1: Model_HumanCapital_epsi_cgrd___Cg | GO1: Model_HumanCapital_epsi_igCgrd___Cg | GP1: Model_HumanCapital_epsi_igCge___Cg | GQ1: Model_HumanCapital_epsi_cgeCgrd___Cg | GR1: Model_HumanCapital_epsieff30y___Cg | GS1: Model_HumanCapital_epsieffcge30y___Cg | GT1: Model_HumanCapital_epsi_igeff30y___Cg | GU1: Model_HumanCapital_epsi_igeff25y___Cg | GV1: Model_HumanCapital_epsi_igeff10y___Cg | GW1: Model_HumanCapital_epsi_igeff5y___Cg | GX1: Model_HumanCapital_epsi_cgeeff30y___Cg | GY1: Model_HumanCapital_epsi_cgeeff25y___Cg | GZ1: Model_HumanCapital_epsi_cgeeff10y___Cg | HA1: Model_HumanCapital_epsi_cgeeff5y___Cg | HB1: Model_HumanCapital_epsi_igeff10y_al___Cg | HC1: Model_HumanCapital_epsi_cgeeff10y_al___Cg | HD1: Model_HumanCapital_epsi_cgrd_eff___Cg | HE1: Model_HumanCapital_epsi_cgrd_eff25y___Cg | HF1: Model_HumanCapital_epsicgrd_cge_adt___Cg | HG1: Model_HumanCapital_epsicgrd_cge_limt___Cg | HH1: EM_Model_HumanCapital_epsiig___Cg | HI1: EM_Model_HumanCapital_epsiiglow___Cg | HJ1: EM_Model_HumanCapital_epsicge___Cg | HK1: EM_Model_HumanCapital_epsicgelow___Cg | HL1: EM_Model_HumanCapital_epsiigCge___Cg | HM1: EM_Model_HumanCapital_epsiigCgeVarShare___Cg | HN1: EM_Model_HumanCapital_epsieff30y___Cg | HO1: EM_Model_HumanCapital_epsieffcge30y___Cg | HP1: EM_Model_HumanCapital_epsiigeff30y___Cg | HQ1: EM_Model_HumanCapital_epsiigeff30ylow___Cg | HR1: EM_Model_HumanCapital_epsiigeff25y___Cg | HS1: EM_Model_HumanCapital_epsiigeff25ylow___Cg | HT1: EM_Model_HumanCapital_epsiigeff10y___Cg | HU1: EM_Model_HumanCapital_epsiigeff10ylow___Cg | HV1: EM_Model_HumanCapital_epsiigeff5y___Cg | HW1: EM_Model_HumanCapital_epsiigLAGeff10y___Cg | HX1: EM_Model_HumanCapital_epsicgeeff30y___Cg | HY1: EM_Model_HumanCapital_epsicgeeff30ylow___Cg | HZ1: EM_Model_HumanCapital_epsicgeeff25y___Cg | IA1: EM_Model_HumanCapital_epsicgeeff25ylow___Cg | IB1: EM_Model_HumanCapital_epsicgeeff10y___Cg | IC1: EM_Model_HumanCapital_epsicgeeff10ylow___Cg | ID1: EM_Model_HumanCapital_epsicgeeff5y___Cg | IE1: EM_Model_HumanCapital_epsicgeLAGeff10y___Cg | IF1: EM_Model_HumanCapital_epsiigeff25y_al___Cg | IG1: EM_Model_HumanCapital_epsicgeeff25y_al___Cg | IH1: Model_HumanCapital_epsi_ig___Cge | II1: Model_HumanCapital_epsi_cge___Cge | IJ1: Model_HumanCapital_epsi_cgrd___Cge | IK1: Model_HumanCapital_epsi_igCgrd___Cge | IL1: Model_HumanCapital_epsi_igCge___Cge | IM1: Model_HumanCapital_epsi_cgeCgrd___Cge | IN1: Model_HumanCapital_epsieff30y___Cge | IO1: Model_HumanCapital_epsieffcge30y___Cge | IP1: Model_HumanCapital_epsi_igeff30y___Cge | IQ1: Model_HumanCapital_epsi_igeff25y___Cge | IR1: Model_HumanCapital_epsi_igeff10y___Cge | IS1: Model_HumanCapital_epsi_igeff5y___Cge | IT1: Model_HumanCapital_epsi_cgeeff30y___Cge | IU1: Model_HumanCapital_epsi_cgeeff25y___Cge | IV1: Model_HumanCapital_epsi_cgeeff10y___Cge | IW1: Model_HumanCapital_epsi_cgeeff5y___Cge | IX1: Model_HumanCapital_epsi_igeff10y_al___Cge | IY1: Model_HumanCapital_epsi_cgeeff10y_al___Cge | IZ1: Model_HumanCapital_epsi_cgrd_eff___Cge | JA1: Model_HumanCapital_epsi_cgrd_eff25y___Cge | JB1: Model_HumanCapital_epsicgrd_cge_adt___Cge | JC1: Model_HumanCapital_epsicgrd_cge_limt___Cge | JD1: EM_Model_HumanCapital_epsiig___Cge | JE1: EM_Model_HumanCapital_epsiiglow___Cge | JF1: EM_Model_HumanCapital_epsicge___Cge | JG1: EM_Model_HumanCapital_epsicgelow___Cge | JH1: EM_Model_HumanCapital_epsiigCge___Cge | JI1: EM_Model_HumanCapital_epsiigCgeVarShare___Cge | JJ1: EM_Model_HumanCapital_epsieff30y___Cge | JK1: EM_Model_HumanCapital_epsieffcge30y___Cge | JL1: EM_Model_HumanCapital_epsiigeff30y___Cge | JM1: EM_Model_HumanCapital_epsiigeff30ylow___Cge | JN1: EM_Model_HumanCapital_epsiigeff25y___Cge | JO1: EM_Model_HumanCapital_epsiigeff25ylow___Cge | JP1: EM_Model_HumanCapital_epsiigeff10y___Cge | JQ1: EM_Model_HumanCapital_epsiigeff10ylow___Cge | JR1: EM_Model_HumanCapital_epsiigeff5y___Cge | JS1: EM_Model_HumanCapital_epsiigLAGeff10y___Cge | JT1: EM_Model_HumanCapital_epsicgeeff30y___Cge | JU1: EM_Model_HumanCapital_epsicgeeff30ylow___Cge | JV1: EM_Model_HumanCapital_epsicgeeff25y___Cge | JW1: EM_Model_HumanCapital_epsicgeeff25ylow___Cge | JX1: EM_Model_HumanCapital_epsicgeeff10y___Cge | JY1: EM_Model_HumanCapital_epsicgeeff10ylow___Cge | JZ1: EM_Model_HumanCapital_epsicgeeff5y___Cge | KA1: EM_Model_HumanCapital_epsicgeLAGeff10y___Cge | KB1: EM_Model_HumanCapital_epsiigeff25y_al___Cge | KC1: EM_Model_HumanCapital_epsicgeeff25y_al___Cge | KD1: Model_HumanCapital_epsi_ig___Cgrd | KE1: Model_HumanCapital_epsi_cge___Cgrd | KF1: Model_HumanCapital_epsi_cgrd___Cgrd | KG1: Model_HumanCapital_epsi_igCgrd___Cgrd | KH1: Model_HumanCapital_epsi_igCge___Cgrd | KI1: Model_HumanCapital_epsi_cgeCgrd___Cgrd | KJ1: Model_HumanCapital_epsieff30y___Cgrd | KK1: Model_HumanCapital_epsieffcge30y___Cgrd | KL1: Model_HumanCapital_epsi_igeff30y___Cgrd | KM1: Model_HumanCapital_epsi_igeff25y___Cgrd | KN1: Model_HumanCapital_epsi_igeff10y___Cgrd | KO1: Model_HumanCapital_epsi_igeff5y___Cgrd | KP1: Model_HumanCapital_epsi_cgeeff30y___Cgrd | KQ1: Model_HumanCapital_epsi_cgeeff25y___Cgrd | KR1: Model_HumanCapital_epsi_cgeeff10y___Cgrd | KS1: Model_HumanCapital_epsi_cgeeff5y___Cgrd | KT1: Model_HumanCapital_epsi_igeff10y_al___Cgrd | KU1: Model_HumanCapital_epsi_cgeeff10y_al___Cgrd | KV1: Model_HumanCapital_epsi_cgrd_eff___Cgrd | KW1: Model_HumanCapital_epsi_cgrd_eff25y___Cgrd | KX1: Model_HumanCapital_epsicgrd_cge_adt___Cgrd | KY1: Model_HumanCapital_epsicgrd_cge_limt___Cgrd | KZ1: EM_Model_HumanCapital_epsiig___Cgrd | LA1: EM_Model_HumanCapital_epsiiglow___Cgrd | LB1: EM_Model_HumanCapital_epsicge___Cgrd | LC1: EM_Model_HumanCapital_epsicgelow___Cgrd | LD1: EM_Model_HumanCapital_epsiigCge___Cgrd | LE1: EM_Model_HumanCapital_epsiigCgeVarShare___Cgrd | LF1: EM_Model_HumanCapital_epsieff30y___Cgrd | LG1: EM_Model_HumanCapital_epsieffcge30y___Cgrd | LH1: EM_Model_HumanCapital_epsiigeff30y___Cgrd | LI1: EM_Model_HumanCapital_epsiigeff30ylow___Cgrd | LJ1: EM_Model_HumanCapital_epsiigeff25y___Cgrd | LK1: EM_Model_HumanCapital_epsiigeff25ylow___Cgrd | LL1: EM_Model_HumanCapital_epsiigeff10y___Cgrd | LM1: EM_Model_HumanCapital_epsiigeff10ylow___Cgrd | LN1: EM_Model_HumanCapital_epsiigeff5y___Cgrd | LO1: EM_Model_HumanCapital_epsiigLAGeff10y___Cgrd | LP1: EM_Model_HumanCapital_epsicgeeff30y___Cgrd | LQ1: EM_Model_HumanCapital_epsicgeeff30ylow___Cgrd | LR1: EM_Model_HumanCapital_epsicgeeff25y___Cgrd | LS1: EM_Model_HumanCapital_epsicgeeff25ylow___Cgrd | LT1: EM_Model_HumanCapital_epsicgeeff10y___Cgrd | LU1: EM_Model_HumanCapital_epsicgeeff10ylow___Cgrd | LV1: EM_Model_HumanCapital_epsicgeeff5y___Cgrd | LW1: EM_Model_HumanCapital_epsicgeLAGeff10y___Cgrd | LX1: EM_Model_HumanCapital_epsiigeff25y_al___Cgrd | LY1: EM_Model_HumanCapital_epsicgeeff25y_al___Cgrd | LZ1: Model_HumanCapital_epsi_ig___H | MA1: Model_HumanCapital_epsi_cge___H | MB1: Model_HumanCapital_epsi_cgrd___H | MC1: Model_HumanCapital_epsi_igCgrd___H | MD1: Model_HumanCapital_epsi_igCge___H | ME1: Model_HumanCapital_epsi_cgeCgrd___H | MF1: Model_HumanCapital_epsieff30y___H | MG1: Model_HumanCapital_epsieffcge30y___H | MH1: Model_HumanCapital_epsi_igeff30y___H | MI1: Model_HumanCapital_epsi_igeff25y___H | MJ1: Model_HumanCapital_epsi_igeff10y___H | MK1: Model_HumanCapital_epsi_igeff5y___H | ML1: Model_HumanCapital_epsi_cgeeff30y___H | MM1: Model_HumanCapital_epsi_cgeeff25y___H | MN1: Model_HumanCapital_epsi_cgeeff10y___H | MO1: Model_HumanCapital_epsi_cgeeff5y___H | MP1: Model_HumanCapital_epsi_igeff10y_al___H | MQ1: Model_HumanCapital_epsi_cgeeff10y_al___H | MR1: Model_HumanCapital_epsi_cgrd_eff___H | MS1: Model_HumanCapital_epsi_cgrd_eff25y___H | MT1: Model_HumanCapital_epsicgrd_cge_adt___H | MU1: Model_HumanCapital_epsicgrd_cge_limt___H | MV1: EM_Model_HumanCapital_epsiig___H | MW1: EM_Model_HumanCapital_epsiiglow___H | MX1: EM_Model_HumanCapital_epsicge___H | MY1: EM_Model_HumanCapital_epsicgelow___H | MZ1: EM_Model_HumanCapital_epsiigCge___H | NA1: EM_Model_HumanCapital_epsiigCgeVarShare___H | NB1: EM_Model_HumanCapital_epsieff30y___H | NC1: EM_Model_HumanCapital_epsieffcge30y___H | ND1: EM_Model_HumanCapital_epsiigeff30y___H | NE1: EM_Model_HumanCapital_epsiigeff30ylow___H | NF1: EM_Model_HumanCapital_epsiigeff25y___H | NG1: EM_Model_HumanCapital_epsiigeff25ylow___H | NH1: EM_Model_HumanCapital_epsiigeff10y___H | NI1: EM_Model_HumanCapital_epsiigeff10ylow___H | NJ1: EM_Model_HumanCapital_epsiigeff5y___H | NK1: EM_Model_HumanCapital_epsiigLAGeff10y___H | NL1: EM_Model_HumanCapital_epsicgeeff30y___H | NM1: EM_Model_HumanCapital_epsicgeeff30ylow___H | NN1: EM_Model_HumanCapital_epsicgeeff25y___H | NO1: EM_Model_HumanCapital_epsicgeeff25ylow___H | NP1: EM_Model_HumanCapital_epsicgeeff10y___H | NQ1: EM_Model_HumanCapital_epsicgeeff10ylow___H | NR1: EM_Model_HumanCapital_epsicgeeff5y___H | NS1: EM_Model_HumanCapital_epsicgeLAGeff10y___H | NT1: EM_Model_HumanCapital_epsiigeff25y_al___H | NU1: EM_Model_HumanCapital_epsicgeeff25y_al___H | NV1: Model_HumanCapital_epsi_ig___Lab | NW1: Model_HumanCapital_epsi_cge___Lab | NX1: Model_HumanCapital_epsi_cgrd___Lab | NY1: Model_HumanCapital_epsi_igCgrd___Lab | NZ1: Model_HumanCapital_epsi_igCge___Lab | OA1: Model_HumanCapital_epsi_cgeCgrd___Lab | OB1: Model_HumanCapital_epsieff30y___Lab | OC1: Model_HumanCapital_epsieffcge30y___Lab | OD1: Model_HumanCapital_epsi_igeff30y___Lab | OE1: Model_HumanCapital_epsi_igeff25y___Lab | OF1: Model_HumanCapital_epsi_igeff10y___Lab | OG1: Model_HumanCapital_epsi_igeff5y___Lab | OH1: Model_HumanCapital_epsi_cgeeff30y___Lab | OI1: Model_HumanCapital_epsi_cgeeff25y___Lab | OJ1: Model_HumanCapital_epsi_cgeeff10y___Lab | OK1: Model_HumanCapital_epsi_cgeeff5y___Lab | OL1: Model_HumanCapital_epsi_igeff10y_al___Lab | OM1: Model_HumanCapital_epsi_cgeeff10y_al___Lab | ON1: Model_HumanCapital_epsi_cgrd_eff___Lab | OO1: Model_HumanCapital_epsi_cgrd_eff25y___Lab | OP1: Model_HumanCapital_epsicgrd_cge_adt___Lab | OQ1: Model_HumanCapital_epsicgrd_cge_limt___Lab | OR1: EM_Model_HumanCapital_epsiig___Lab | OS1: EM_Model_HumanCapital_epsiiglow___Lab | OT1: EM_Model_HumanCapital_epsicge___Lab | OU1: EM_Model_HumanCapital_epsicgelow___Lab | OV1: EM_Model_HumanCapital_epsiigCge___Lab | OW1: EM_Model_HumanCapital_epsiigCgeVarShare___Lab | OX1: EM_Model_HumanCapital_epsieff30y___Lab | OY1: EM_Model_HumanCapital_epsieffcge30y___Lab | OZ1: EM_Model_HumanCapital_epsiigeff30y___Lab | PA1: EM_Model_HumanCapital_epsiigeff30ylow___Lab | PB1: EM_Model_HumanCapital_epsiigeff25y___Lab | PC1: EM_Model_HumanCapital_epsiigeff25ylow___Lab | PD1: EM_Model_HumanCapital_epsiigeff10y___Lab | PE1: EM_Model_HumanCapital_epsiigeff10ylow___Lab | PF1: EM_Model_HumanCapital_epsiigeff5y___Lab | PG1: EM_Model_HumanCapital_epsiigLAGeff10y___Lab | PH1: EM_Model_HumanCapital_epsicgeeff30y___Lab | PI1: EM_Model_HumanCapital_epsicgeeff30ylow___Lab | PJ1: EM_Model_HumanCapital_epsicgeeff25y___Lab | PK1: EM_Model_HumanCapital_epsicgeeff25ylow___Lab | PL1: EM_Model_HumanCapital_epsicgeeff10y___Lab | PM1: EM_Model_HumanCapital_epsicgeeff10ylow___Lab | PN1: EM_Model_HumanCapital_epsicgeeff5y___Lab | PO1: EM_Model_HumanCapital_epsicgeLAGeff10y___Lab | PP1: EM_Model_HumanCapital_epsiigeff25y_al___Lab | PQ1: EM_Model_HumanCapital_epsicgeeff25y_al___Lab | PR1: Model_HumanCapital_epsi_ig___E | PS1: Model_HumanCapital_epsi_cge___E | PT1: Model_HumanCapital_epsi_cgrd___E | PU1: Model_HumanCapital_epsi_igCgrd___E | PV1: Model_HumanCapital_epsi_igCge___E | PW1: Model_HumanCapital_epsi_cgeCgrd___E | PX1: Model_HumanCapital_epsieff30y___E | PY1: Model_HumanCapital_epsieffcge30y___E | PZ1: Model_HumanCapital_epsi_igeff30y___E | QA1: Model_HumanCapital_epsi_igeff25y___E | QB1: Model_HumanCapital_epsi_igeff10y___E | QC1: Model_HumanCapital_epsi_igeff5y___E | QD1: Model_HumanCapital_epsi_cgeeff30y___E | QE1: Model_HumanCapital_epsi_cgeeff25y___E | QF1: Model_HumanCapital_epsi_cgeeff10y___E | QG1: Model_HumanCapital_epsi_cgeeff5y___E | QH1: Model_HumanCapital_epsi_igeff10y_al___E | QI1: Model_HumanCapital_epsi_cgeeff10y_al___E | QJ1: Model_HumanCapital_epsi_cgrd_eff___E | QK1: Model_HumanCapital_epsi_cgrd_eff25y___E | QL1: Model_HumanCapital_epsicgrd_cge_adt___E | QM1: Model_HumanCapital_epsicgrd_cge_limt___E | QN1: EM_Model_HumanCapital_epsiig___E | QO1: EM_Model_HumanCapital_epsiiglow___E | QP1: EM_Model_HumanCapital_epsicge___E | QQ1: EM_Model_HumanCapital_epsicgelow___E | QR1: EM_Model_HumanCapital_epsiigCge___E | QS1: EM_Model_HumanCapital_epsiigCgeVarShare___E | QT1: EM_Model_HumanCapital_epsieff30y___E | QU1: EM_Model_HumanCapital_epsieffcge30y___E | QV1: EM_Model_HumanCapital_epsiigeff30y___E | QW1: EM_Model_HumanCapital_epsiigeff30ylow___E | QX1: EM_Model_HumanCapital_epsiigeff25y___E | QY1: EM_Model_HumanCapital_epsiigeff25ylow___E | QZ1: EM_Model_HumanCapital_epsiigeff10y___E | RA1: EM_Model_HumanCapital_epsiigeff10ylow___E | RB1: EM_Model_HumanCapital_epsiigeff5y___E | RC1: EM_Model_HumanCapital_epsiigLAGeff10y___E | RD1: EM_Model_HumanCapital_epsicgeeff30y___E | RE1: EM_Model_HumanCapital_epsicgeeff30ylow___E | RF1: EM_Model_HumanCapital_epsicgeeff25y___E | RG1: EM_Model_HumanCapital_epsicgeeff25ylow___E | RH1: EM_Model_HumanCapital_epsicgeeff10y___E | RI1: EM_Model_HumanCapital_epsicgeeff10ylow___E | RJ1: EM_Model_HumanCapital_epsicgeeff5y___E | RK1: EM_Model_HumanCapital_epsicgeLAGeff10y___E | RL1: EM_Model_HumanCapital_epsiigeff25y_al___E | RM1: EM_Model_HumanCapital_epsicgeeff25y_al___E | RN1: Model_HumanCapital_epsi_ig___effshock | RO1: Model_HumanCapital_epsi_cge___effshock | RP1: Model_HumanCapital_epsi_cgrd___effshock | RQ1: Model_HumanCapital_epsi_igCgrd___effshock | RR1: Model_HumanCapital_epsi_igCge___effshock | RS1: Model_HumanCapital_epsi_cgeCgrd___effshock | RT1: Model_HumanCapital_epsieff30y___effshock | RU1: Model_HumanCapital_epsieffcge30y___effshock | RV1: Model_HumanCapital_epsi_igeff30y___effshock | RW1: Model_HumanCapital_epsi_igeff25y___effshock | RX1: Model_HumanCapital_epsi_igeff10y___effshock | RY1: Model_HumanCapital_epsi_igeff5y___effshock | RZ1: Model_HumanCapital_epsi_cgeeff30y___effshock | SA1: Model_HumanCapital_epsi_cgeeff25y___effshock | SB1: Model_HumanCapital_epsi_cgeeff10y___effshock | SC1: Model_HumanCapital_epsi_cgeeff5y___effshock | SD1: Model_HumanCapital_epsi_igeff10y_al___effshock | SE1: Model_HumanCapital_epsi_cgeeff10y_al___effshock | SF1: Model_HumanCapital_epsi_cgrd_eff___effshock | SG1: Model_HumanCapital_epsi_cgrd_eff25y___effshock | SH1: Model_HumanCapital_epsicgrd_cge_adt___effshock | SI1: Model_HumanCapital_epsicgrd_cge_limt___effshock | SJ1: EM_Model_HumanCapital_epsiig___effshock | SK1: EM_Model_HumanCapital_epsiiglow___effshock | SL1: EM_Model_HumanCapital_epsicge___effshock | SM1: EM_Model_HumanCapital_epsicgelow___effshock | SN1: EM_Model_HumanCapital_epsiigCge___effshock | SO1: EM_Model_HumanCapital_epsiigCgeVarShare___effshock | SP1: EM_Model_HumanCapital_epsieff30y___effshock | SQ1: EM_Model_HumanCapital_epsieffcge30y___effshock | SR1: EM_Model_HumanCapital_epsiigeff30y___effshock | SS1: EM_Model_HumanCapital_epsiigeff30ylow___effshock | ST1: EM_Model_HumanCapital_epsiigeff25y___effshock | SU1: EM_Model_HumanCapital_epsiigeff25ylow___effshock | SV1: EM_Model_HumanCapital_epsiigeff10y___effshock | SW1: EM_Model_HumanCapital_epsiigeff10ylow___effshock | SX1: EM_Model_HumanCapital_epsiigeff5y___effshock | SY1: EM_Model_HumanCapital_epsiigLAGeff10y___effshock | SZ1: EM_Model_HumanCapital_epsicgeeff30y___effshock | TA1: EM_Model_HumanCapital_epsicgeeff30ylow___effshock | TB1: EM_Model_HumanCapital_epsicgeeff25y___effshock | TC1: EM_Model_HumanCapital_epsicgeeff25ylow___effshock | TD1: EM_Model_HumanCapital_epsicgeeff10y___effshock | TE1: EM_Model_HumanCapital_epsicgeeff10ylow___effshock | TF1: EM_Model_HumanCapital_epsicgeeff5y___effshock | TG1: EM_Model_HumanCapital_epsicgeLAGeff10y___effshock | TH1: EM_Model_HumanCapital_epsiigeff25y_al___effshock | TI1: EM_Model_HumanCapital_epsicgeeff25y_al___effshock | TJ1: Model_HumanCapital_epsi_ig___effgeshock | TK1: Model_HumanCapital_epsi_cge___effgeshock | TL1: Model_HumanCapital_epsi_cgrd___effgeshock | TM1: Model_HumanCapital_epsi_igCgrd___effgeshock | TN1: Model_HumanCapital_epsi_igCge___effgeshock | TO1: Model_HumanCapital_epsi_cgeCgrd___effgeshock | TP1: Model_HumanCapital_epsieff30y___effgeshock | TQ1: Model_HumanCapital_epsieffcge30y___effgeshock | TR1: Model_HumanCapital_epsi_igeff30y___effgeshock | TS1: Model_HumanCapital_epsi_igeff25y___effgeshock | TT1: Model_HumanCapital_epsi_igeff10y___effgeshock | TU1: Model_HumanCapital_epsi_igeff5y___effgeshock | TV1: Model_HumanCapital_epsi_cgeeff30y___effgeshock | TW1: Model_HumanCapital_epsi_cgeeff25y___effgeshock | TX1: Model_HumanCapital_epsi_cgeeff10y___effgeshock | TY1: Model_HumanCapital_epsi_cgeeff5y___effgeshock | TZ1: Model_HumanCapital_epsi_igeff10y_al___effgeshock | UA1: Model_HumanCapital_epsi_cgeeff10y_al___effgeshock | UB1: Model_HumanCapital_epsi_cgrd_eff___effgeshock | UC1: Model_HumanCapital_epsi_cgrd_eff25y___effgeshock | UD1: Model_HumanCapital_epsicgrd_cge_adt___effgeshock | UE1: Model_HumanCapital_epsicgrd_cge_limt___effgeshock | UF1: EM_Model_HumanCapital_epsiig___effgeshock | UG1: EM_Model_HumanCapital_epsiiglow___effgeshock | UH1: EM_Model_HumanCapital_epsicge___effgeshock | UI1: EM_Model_HumanCapital_epsicgelow___effgeshock | UJ1: EM_Model_HumanCapital_epsiigCge___effgeshock | UK1: EM_Model_HumanCapital_epsiigCgeVarShare___effgeshock | UL1: EM_Model_HumanCapital_epsieff30y___effgeshock | UM1: EM_Model_HumanCapital_epsieffcge30y___effgeshock | UN1: EM_Model_HumanCapital_epsiigeff30y___effgeshock | UO1: EM_Model_HumanCapital_epsiigeff30ylow___effgeshock | UP1: EM_Model_HumanCapital_epsiigeff25y___effgeshock | UQ1: EM_Model_HumanCapital_epsiigeff25ylow___effgeshock | UR1: EM_Model_HumanCapital_epsiigeff10y___effgeshock | US1: EM_Model_HumanCapital_epsiigeff10ylow___effgeshock | UT1: EM_Model_HumanCapital_epsiigeff5y___effgeshock | UU1: EM_Model_HumanCapital_epsiigLAGeff10y___effgeshock | UV1: EM_Model_HumanCapital_epsicgeeff30y___effgeshock | UW1: EM_Model_HumanCapital_epsicgeeff30ylow___effgeshock | UX1: EM_Model_HumanCapital_epsicgeeff25y___effgeshock | UY1: EM_Model_HumanCapital_epsicgeeff25ylow___effgeshock | UZ1: EM_Model_HumanCapital_epsicgeeff10y___effgeshock | VA1: EM_Model_HumanCapital_epsicgeeff10ylow___effgeshock | VB1: EM_Model_HumanCapital_epsicgeeff5y___effgeshock | VC1: EM_Model_HumanCapital_epsicgeLAGeff10y___effgeshock | VD1: EM_Model_HumanCapital_epsiigeff25y_al___effgeshock | VE1: EM_Model_HumanCapital_epsicgeeff25y_al___effgeshock | VF1: Model_HumanCapital_epsi_ig___TFP | VG1: Model_HumanCapital_epsi_cge___TFP | VH1: Model_HumanCapital_epsi_cgrd___TFP | VI1: Model_HumanCapital_epsi_igCgrd___TFP | VJ1: Model_HumanCapital_epsi_igCge___TFP | VK1: Model_HumanCapital_epsi_cgeCgrd___TFP | VL1: Model_HumanCapital_epsieff30y___TFP | VM1: Model_HumanCapital_epsieffcge30y___TFP | VN1: Model_HumanCapital_epsi_igeff30y___TFP | VO1: Model_HumanCapital_epsi_igeff25y___TFP | VP1: Model_HumanCapital_epsi_igeff10y___TFP | VQ1: Model_HumanCapital_epsi_igeff5y___TFP | VR1: Model_HumanCapital_epsi_cgeeff30y___TFP | VS1: Model_HumanCapital_epsi_cgeeff25y___TFP | VT1: Model_HumanCapital_epsi_cgeeff10y___TFP | VU1: Model_HumanCapital_epsi_cgeeff5y___TFP | VV1: Model_HumanCapital_epsi_igeff10y_al___TFP | VW1: Model_HumanCapital_epsi_cgeeff10y_al___TFP | VX1: Model_HumanCapital_epsi_cgrd_eff___TFP | VY1: Model_HumanCapital_epsi_cgrd_eff25y___TFP | VZ1: Model_HumanCapital_epsicgrd_cge_adt___TFP | WA1: Model_HumanCapital_epsicgrd_cge_limt___TFP | WB1: EM_Model_HumanCapital_epsiig___TFP | WC1: EM_Model_HumanCapital_epsiiglow___TFP | WD1: EM_Model_HumanCapital_epsicge___TFP | WE1: EM_Model_HumanCapital_epsicgelow___TFP | WF1: EM_Model_HumanCapital_epsiigCge___TFP | WG1: EM_Model_HumanCapital_epsiigCgeVarShare___TFP | WH1: EM_Model_HumanCapital_epsieff30y___TFP | WI1: EM_Model_HumanCapital_epsieffcge30y___TFP | WJ1: EM_Model_HumanCapital_epsiigeff30y___TFP | WK1: EM_Model_HumanCapital_epsiigeff30ylow___TFP | WL1: EM_Model_HumanCapital_epsiigeff25y___TFP | WM1: EM_Model_HumanCapital_epsiigeff25ylow___TFP | WN1: EM_Model_HumanCapital_epsiigeff10y___TFP | WO1: EM_Model_HumanCapital_epsiigeff10ylow___TFP | WP1: EM_Model_HumanCapital_epsiigeff5y___TFP | WQ1: EM_Model_HumanCapital_epsiigLAGeff10y___TFP | WR1: EM_Model_HumanCapital_epsicgeeff30y___TFP | WS1: EM_Model_HumanCapital_epsicgeeff30ylow___TFP | WT1: EM_Model_HumanCapital_epsicgeeff25y___TFP | WU1: EM_Model_HumanCapital_epsicgeeff25ylow___TFP | WV1: EM_Model_HumanCapital_epsicgeeff10y___TFP | WW1: EM_Model_HumanCapital_epsicgeeff10ylow___TFP | WX1: EM_Model_HumanCapital_epsicgeeff5y___TFP | WY1: EM_Model_HumanCapital_epsicgeLAGeff10y___TFP | WZ1: EM_Model_HumanCapital_epsiigeff25y_al___TFP | XA1: EM_Model_HumanCapital_epsicgeeff25y_al___TFP | XB1: Model_HumanCapital_epsi_ig___ZZRD | XC1: Model_HumanCapital_epsi_cge___ZZRD | XD1: Model_HumanCapital_epsi_cgrd___ZZRD | XE1: Model_HumanCapital_epsi_igCgrd___ZZRD | XF1: Model_HumanCapital_epsi_igCge___ZZRD | XG1: Model_HumanCapital_epsi_cgeCgrd___ZZRD | XH1: Model_HumanCapital_epsieff30y___ZZRD | XI1: Model_HumanCapital_epsieffcge30y___ZZRD | XJ1: Model_HumanCapital_epsi_igeff30y___ZZRD | XK1: Model_HumanCapital_epsi_igeff25y___ZZRD | XL1: Model_HumanCapital_epsi_igeff10y___ZZRD | XM1: Model_HumanCapital_epsi_igeff5y___ZZRD | XN1: Model_HumanCapital_epsi_cgeeff30y___ZZRD | XO1: Model_HumanCapital_epsi_cgeeff25y___ZZRD | XP1: Model_HumanCapital_epsi_cgeeff10y___ZZRD | XQ1: Model_HumanCapital_epsi_cgeeff5y___ZZRD | XR1: Model_HumanCapital_epsi_igeff10y_al___ZZRD | XS1: Model_HumanCapital_epsi_cgeeff10y_al___ZZRD | XT1: Model_HumanCapital_epsi_cgrd_eff___ZZRD | XU1: Model_HumanCapital_epsi_cgrd_eff25y___ZZRD | XV1: Model_HumanCapital_epsicgrd_cge_adt___ZZRD | XW1: Model_HumanCapital_epsicgrd_cge_limt___ZZRD | XX1: EM_Model_HumanCapital_epsiig___ZZRD | XY1: EM_Model_HumanCapital_epsiiglow___ZZRD | XZ1: EM_Model_HumanCapital_epsicge___ZZRD | YA1: EM_Model_HumanCapital_epsicgelow___ZZRD | YB1: EM_Model_HumanCapital_epsiigCge___ZZRD | YC1: EM_Model_HumanCapital_epsiigCgeVarShare___ZZRD | YD1: EM_Model_HumanCapital_epsieff30y___ZZRD | YE1: EM_Model_HumanCapital_epsieffcge30y___ZZRD | YF1: EM_Model_HumanCapital_epsiigeff30y___ZZRD | YG1: EM_Model_HumanCapital_epsiigeff30ylow___ZZRD | YH1: EM_Model_HumanCapital_epsiigeff25y___ZZRD | YI1: EM_Model_HumanCapital_epsiigeff25ylow___ZZRD | YJ1: EM_Model_HumanCapital_epsiigeff10y___ZZRD | YK1: EM_Model_HumanCapital_epsiigeff10ylow___ZZRD | YL1: EM_Model_HumanCapital_epsiigeff5y___ZZRD | YM1: EM_Model_HumanCapital_epsiigLAGeff10y___ZZRD | YN1: EM_Model_HumanCapital_epsicgeeff30y___ZZRD | YO1: EM_Model_HumanCapital_epsicgeeff30ylow___ZZRD | YP1: EM_Model_HumanCapital_epsicgeeff25y___ZZRD | YQ1: EM_Model_HumanCapital_epsicgeeff25ylow___ZZRD | YR1: EM_Model_HumanCapital_epsicgeeff10y___ZZRD | YS1: EM_Model_HumanCapital_epsicgeeff10ylow___ZZRD | YT1: EM_Model_HumanCapital_epsicgeeff5y___ZZRD | YU1: EM_Model_HumanCapital_epsicgeLAGeff10y___ZZRD | YV1: EM_Model_HumanCapital_epsiigeff25y_al___ZZRD | YW1: EM_Model_HumanCapital_epsicgeeff25y_al___ZZRD | YX1: Model_HumanCapital_epsi_ig___AAt | YY1: Model_HumanCapital_epsi_cge___AAt | YZ1: Model_HumanCapital_epsi_cgrd___AAt | ZA1: Model_HumanCapital_epsi_igCgrd___AAt | ZB1: Model_HumanCapital_epsi_igCge___AAt | ZC1: Model_HumanCapital_epsi_cgeCgrd___AAt | ZD1: Model_HumanCapital_epsieff30y___AAt | ZE1: Model_HumanCapital_epsieffcge30y___AAt | ZF1: Model_HumanCapital_epsi_igeff30y___AAt | ZG1: Model_HumanCapital_epsi_igeff25y___AAt | ZH1: Model_HumanCapital_epsi_igeff10y___AAt | ZI1: Model_HumanCapital_epsi_igeff5y___AAt | ZJ1: Model_HumanCapital_epsi_cgeeff30y___AAt | ZK1: Model_HumanCapital_epsi_cgeeff25y___AAt | ZL1: Model_HumanCapital_epsi_cgeeff10y___AAt | ZM1: Model_HumanCapital_epsi_cgeeff5y___AAt | ZN1: Model_HumanCapital_epsi_igeff10y_al___AAt | ZO1: Model_HumanCapital_epsi_cgeeff10y_al___AAt | ZP1: Model_HumanCapital_epsi_cgrd_eff___AAt | ZQ1: Model_HumanCapital_epsi_cgrd_eff25y___AAt | ZR1: Model_HumanCapital_epsicgrd_cge_adt___AAt | ZS1: Model_HumanCapital_epsicgrd_cge_limt___AAt | ZT1: EM_Model_HumanCapital_epsiig___AAt | ZU1: EM_Model_HumanCapital_epsiiglow___AAt | ZV1: EM_Model_HumanCapital_epsicge___AAt | ZW1: EM_Model_HumanCapital_epsicgelow___AAt | ZX1: EM_Model_HumanCapital_epsiigCge___AAt | ZY1: EM_Model_HumanCapital_epsiigCgeVarShare___AAt | ZZ1: EM_Model_HumanCapital_epsieff30y___AAt | AAA1: EM_Model_HumanCapital_epsieffcge30y___AAt | AAB1: EM_Model_HumanCapital_epsiigeff30y___AAt | AAC1: EM_Model_HumanCapital_epsiigeff30ylow___AAt | AAD1: EM_Model_HumanCapital_epsiigeff25y___AAt | AAE1: EM_Model_HumanCapital_epsiigeff25ylow___AAt | AAF1: EM_Model_HumanCapital_epsiigeff10y___AAt | AAG1: EM_Model_HumanCapital_epsiigeff10ylow___AAt | AAH1: EM_Model_HumanCapital_epsiigeff5y___AAt | AAI1: EM_Model_HumanCapital_epsiigLAGeff10y___AAt | AAJ1: EM_Model_HumanCapital_epsicgeeff30y___AAt | AAK1: EM_Model_HumanCapital_epsicgeeff30ylow___AAt | AAL1: EM_Model_HumanCapital_epsicgeeff25y___AAt | AAM1: EM_Model_HumanCapital_epsicgeeff25ylow___AAt | AAN1: EM_Model_HumanCapital_epsicgeeff10y___AAt | AAO1: EM_Model_HumanCapital_epsicgeeff10ylow___AAt | AAP1: EM_Model_HumanCapital_epsicgeeff5y___AAt | AAQ1: EM_Model_HumanCapital_epsicgeLAGeff10y___AAt | AAR1: EM_Model_HumanCapital_epsiigeff25y_al___AAt | AAS1: EM_Model_HumanCapital_epsicgeeff25y_al___AAt
A2: 0Q4 | B2: 0 | C2: 0 | D2: 0 | E2: 0 | F2: 0 | G2: 0 | H2: 0 | I2: 0 | J2: 0 | K2: 0 | L2: 0 | M2: 0 | N2: 0 | O2: 0 | P2: 0 | Q2: 0 | R2: 0 | S2: 0 | T2: 0 | U2: 0 | V2: 0 | W2: 0 | X2: 0 | Y2: 0 | Z2: 0 | AA2: 0 | AB2: 0 | AC2: 0 | AD2: 0 | AE2: 0 | AF2: 0 | AG2: 0 | AH2: 0 | AI2: 0 | AJ2: 0 | AK2: 0 | AL2: 0 | AM2: 0 | AN2: 0 | AO2: 0 | AP2: 0 | AQ2: 0 | AR2: 0 | AS2: 0 | AT2: 0 | AU2: 0 | AV2: 0 | AW2: 0 | AX2: 0 | AY2: 0 | AZ2: 0 | BA2: 0 | BB2: 0 | BC2: 0 | BD2: 0 | BE2: 0 | BF2: 0 | BG2: 0 | BH2: 0 | BI2: 0 | BJ2: 0 | BK2: 0 | BL2: 0 | BM2: 0 | BN2: 0 | BO2: 0 | BP2: 0 | BQ2: 0 | BR2: 0 | BS2: 0 | BT2: 0 | BU2: 0 | BV2: 0 | BW2: 0 | BX2: 0 | BY2: 0 | BZ2: 0 | CA2: 0 | CB2: 0 | CC2: 0 | CD2: 0 | CE2: 0 | CF2: 0 | CG2: 0 | CH2: 0 | CI2: 0 | CJ2: 0 | CK2: 0 | CL2: 0 | CM2: 0 | CN2: 0 | CO2: 0 | CP2: 0 | CQ2: 0 | CR2: 0 | CS2: 0 | CT2: 0 | CU2: 0 | CV2: 0 | CW2: 0 | CX2: 0 | CY2: 0 | CZ2: 0 | DA2: 0 | DB2: 0 | DC2: 0 | DD2: 0 | DE2: 0 | DF2: 0 | DG2: 0 | DH2: 0 | DI2: 0 | DJ2: 0 | DK2: 0 | DL2: 0 | DM2: 0 | DN2: 0 | DO2: 0 | DP2: 0 | DQ2: 0 | DR2: 0 | DS2: 0 | DT2: 0 | DU2: 0 | DV2: 0 | DW2: 0 | DX2: 0 | DY2: 0 | DZ2: 0 | EA2: 0 | EB2: 0 | EC2: 0 | ED2: 0 | EE2: 0 | EF2: 0 | EG2: 0 | EH2: 0 | EI2: 0 | EJ2: 0 | EK2: 0 | EL2: 0 | EM2: 0 | EN2: 0 | EO2: 0 | EP2: 0 | EQ2: 0 | ER2: 0 | ES2: 0 | ET2: 0 | EU2: 0 | EV2: 0 | EW2: 0 | EX2: 0 | EY2: 0 | EZ2: 0 | FA2: 0 | FB2: 0 | FC2: 0 | FD2: 0 | FE2: 0 | FF2: 0 | FG2: 0 | FH2: 0 | FI2: 0 | FJ2: 0 | FK2: 0 | FL2: 0 | FM2: 0 | FN2: 0 | FO2: 0 | FP2: 0 | FQ2: 0 | FR2: 0 | FS2: 0 | FT2: 0 | FU2: 0 | FV2: 0 | FW2: 0 | FX2: 0 | FY2: 0 | FZ2: 0 | GA2: 0 | GB2: 0 | GC2: 0 | GD2: 0 | GE2: 0 | GF2: 0 | GG2: 0 | GH2: 0 | GI2: 0 | GJ2: 0 | GK2: 0 | GL2: 0 | GM2: 0 | GN2: 0 | GO2: 0 | GP2: 0 | GQ2: 0 | GR2: 0 | GS2: 0 | GT2: 0 | GU2: 0 | GV2: 0 | GW2: 0 | GX2: 0 | GY2: 0 | GZ2: 0 | HA2: 0 | HB2: 0 | HC2: 0 | HD2: 0 | HE2: 0 | HF2: 0 | HG2: 0 | HH2: 0 | HI2: 0 | HJ2: 0 | HK2: 0 | HL2: 0 | HM2: 0 | HN2: 0 | HO2: 0 | HP2: 0 | HQ2: 0 | HR2: 0 | HS2: 0 | HT2: 0 | HU2: 0 | HV2: 0 | HW2: 0 | HX2: 0 | HY2: 0 | HZ2: 0 | IA2: 0 | IB2: 0 | IC2: 0 | ID2: 0 | IE2: 0 | IF2: 0 | IG2: 0 | IH2: 0 | II2: 0 | IJ2: 0 | IK2: 0 | IL2: 0 | IM2: 0 | IN2: 0 | IO2: 0 | IP2: 0 | IQ2: 0 | IR2: 0 | IS2: 0 | IT2: 0 | IU2: 0 | IV2: 0 | IW2: 0 | IX2: 0 | IY2: 0 | IZ2: 0 | JA2: 0 | JB2: 0 | JC2: 0 | JD2: 0 | JE2: 0 | JF2: 0 | JG2: 0 | JH2: 0 | JI2: 0 | JJ2: 0 | JK2: 0 | JL2: 0 | JM2: 0 | JN2: 0 | JO2: 0 | JP2: 0 | JQ2: 0 | JR2: 0 | JS2: 0 | JT2: 0 | JU2: 0 | JV2: 0 | JW2: 0 | JX2: 0 | JY2: 0 | JZ2: 0 | KA2: 0 | KB2: 0 | KC2: 0 | KD2: 0 | KE2: 0 | KF2: 0 | KG2: 0 | KH2: 0 | KI2: 0 | KJ2: 0 | KK2: 0 | KL2: 0 | KM2: 0 | KN2: 0 | KO2: 0 | KP2: 0 | KQ2: 0 | KR2: 0 | KS2: 0 | KT2: 0 | KU2: 0 | KV2: 0 | KW2: 0 | KX2: 0 | KY2: 0 | KZ2: 0 | LA2: 0 | LB2: 0 | LC2: 0 | LD2: 0 | LE2: 0 | LF2: 0 | LG2: 0 | LH2: 0 | LI2: 0 | LJ2: 0 | LK2: 0 | LL2: 0 | LM2: 0 | LN2: 0 | LO2: 0 | LP2: 0 | LQ2: 0 | LR2: 0 | LS2: 0 | LT2: 0 | LU2: 0 | LV2: 0 | LW2: 0 | LX2: 0 | LY2: 0 | LZ2: 0 | MA2: 0 | MB2: 0 | MC2: 0 | MD2: 0 | ME2: 0 | MF2: 0 | MG2: 0 | MH2: 0 | MI2: 0 | MJ2: 0 | MK2: 0 | ML2: 0 | MM2: 0 | MN2: 0 | MO2: 0 | MP2: 0 | MQ2: 0 | MR2: 0 | MS2: 0 | MT2: 0 | MU2: 0 | MV2: 0 | MW2: 0 | MX2: 0 | MY2: 0 | MZ2: 0 | NA2: 0 | NB2: 0 | NC2: 0 | ND2: 0 | NE2: 0 | NF2: 0 | NG2: 0 | NH2: 0 | NI2: 0 | NJ2: 0 | NK2: 0 | NL2: 0 | NM2: 0 | NN2: 0 | NO2: 0 | NP2: 0 | NQ2: 0 | NR2: 0 | NS2: 0 | NT2: 0 | NU2: 0 | NV2: 0 | NW2: 0 | NX2: 0 | NY2: 0 | NZ2: 0 | OA2: 0 | OB2: 0 | OC2: 0 | OD2: 0 | OE2: 0 | OF2: 0 | OG2: 0 | OH2: 0 | OI2: 0 | OJ2: 0 | OK2: 0 | OL2: 0 | OM2: 0 | ON2: 0 | OO2: 0 | OP2: 0 | OQ2: 0 | OR2: 0 | OS2: 0 | OT2: 0 | OU2: 0 | OV2: 0 | OW2: 0 | OX2: 0 | OY2: 0 | OZ2: 0 | PA2: 0 | PB2: 0 | PC2: 0 | PD2: 0 | PE2: 0 | PF2: 0 | PG2: 0 | PH2: 0 | PI2: 0 | PJ2: 0 | PK2: 0 | PL2: 0 | PM2: 0 | PN2: 0 | PO2: 0 | PP2: 0 | PQ2: 0 | PR2: 0 | PS2: 0 | PT2: 0 | PU2: 0 | PV2: 0 | PW2: 0 | PX2: 0 | PY2: 0 | PZ2: 0 | QA2: 0 | QB2: 0 | QC2: 0 | QD2: 0 | QE2: 0 | QF2: 0 | QG2: 0 | QH2: 0 | QI2: 0 | QJ2: 0 | QK2: 0 | QL2: 0 | QM2: 0 | QN2: 0 | QO2: 0 | QP2: 0 | QQ2: 0 | QR2: 0 | QS2: 0 | QT2: 0 | QU2: 0 | QV2: 0 | QW2: 0 | QX2: 0 | QY2: 0 | QZ2: 0 | RA2: 0 | RB2: 0 | RC2: 0 | RD2: 0 | RE2: 0 | RF2: 0 | RG2: 0 | RH2: 0 | RI2: 0 | RJ2: 0 | RK2: 0 | RL2: 0 | RM2: 0 | RN2: 0 | RO2: 0 | RP2: 0 | RQ2: 0 | RR2: 0 | RS2: 0 | RT2: 0 | RU2: 0 | RV2: 0 | RW2: 0 | RX2: 0 | RY2: 0 | RZ2: 0 | SA2: 0 | SB2: 0 | SC2: 0 | SD2: 0 | SE2: 0 | SF2: 0 | SG2: 0 | SH2: 0 | SI2: 0 | SJ2: 0 | SK2: 0 | SL2: 0 | SM2: 0 | SN2: 0 | SO2: 0 | SP2: 0 | SQ2: 0 | SR2: 0 | SS2: 0 | ST2: 0 | SU2: 0 | SV2: 0 | SW2: 0 | SX2: 0 | SY2: 0 | SZ2: 0 | TA2: 0 | TB2: 0 | TC2: 0 | TD2: 0 | TE2: 0 | TF2: 0 | TG2: 0 | TH2: 0 | TI2: 0 | TJ2: 0 | TK2: 0 | TL2: 0 | TM2: 0 | TN2: 0 | TO2: 0 | TP2: 0 | TQ2: 0 | TR2: 0 | TS2: 0 | TT2: 0 | TU2: 0 | TV2: 0 | TW2: 0 | TX2: 0 | TY2: 0 | TZ2: 0 | UA2: 0 | UB2: 0 | UC2: 0 | UD2: 0 | UE2: 0 | UF2: 0 | UG2: 0 | UH2: 0 | UI2: 0 | UJ2: 0 | UK2: 0 | UL2: 0 | UM2: 0 | UN2: 0 | UO2: 0 | UP2: 0 | UQ2: 0 | UR2: 0 | US2: 0 | UT2: 0 | UU2: 0 | UV2: 0 | UW2: 0 | UX2: 0 | UY2: 0 | UZ2: 0 | VA2: 0 | VB2: 0 | VC2: 0 | VD2: 0 | VE2: 0 | VF2: 0 | VG2: 0 | VH2: 0 | VI2: 0 | VJ2: 0 | VK2: 0 | VL2: 0 | VM2: 0 | VN2: 0 | VO2: 0 | VP2: 0 | VQ2: 0 | VR2: 0 | VS2: 0 | VT2: 0 | VU2: 0 | VV2: 0 | VW2: 0 | VX2: 0 | VY2: 0 | VZ2: 0 | WA2: 0 | WB2: 0 | WC2: 0 | WD2: 0 | WE2: 0 | WF2: 0 | WG2: 0 | WH2: 0 | WI2: 0 | WJ2: 0 | WK2: 0 | WL2: 0 | WM2: 0 | WN2: 0 | WO2: 0 | WP2: 0 | WQ2: 0 | WR2: 0 | WS2: 0 | WT2: 0 | WU2: 0 | WV2: 0 | WW2: 0 | WX2: 0 | WY2: 0 | WZ2: 0 | XA2: 0 | XB2: 0 | XC2: 0 | XD2: 0 | XE2: 0 | XF2: 0 | XG2: 0 | XH2: 0 | XI2: 0 | XJ2: 0 | XK2: 0 | XL2: 0 | XM2: 0 | XN2: 0 | XO2: 0 | XP2: 0 | XQ2: 0 | XR2: 0 | XS2: 0 | XT2: 0 | XU2: 0 | XV2: 0 | XW2: 0 | XX2: 0 | XY2: 0 | XZ2: 0 | YA2: 0 | YB2: 0 | YC2: 0 | YD2: 0 | YE2: 0 | YF2: 0 | YG2: 0 | YH2: 0 | YI2: 0 | YJ2: 0 | YK2: 0 | YL2: 0 | YM2: 0 | YN2: 0 | YO2: 0 | YP2: 0 | YQ2: 0 | YR2: 0 | YS2: 0 | YT2: 0 | YU2: 0 | YV2: 0 | YW2: 0 | YX2: 0 | YY2: 0 | YZ2: 0 | ZA2: 0 | ZB2: 0 | ZC2: 0 | ZD2: 0 | ZE2: 0 | ZF2: 0 | ZG2: 0 | ZH2: 0 | ZI2: 0 | ZJ2: 0 | ZK2: 0 | ZL2: 0 | ZM2: 0 | ZN2: 0 | ZO2: 0 | ZP2: 0 | ZQ2: 0 | ZR2: 0 | ZS2: 0 | ZT2: 0 | ZU2: 0 | ZV2: 0 | ZW2: 0 | ZX2: 0 | ZY2: 0 | ZZ2: 0 | AAA2: 0 | AAB2: 0 | AAC2: 0 | AAD2: 0 | AAE2: 0 | AAF2: 0 | AAG2: 0 | AAH2: 0 | AAI2: 0 | AAJ2: 0 | AAK2: 0 | AAL2: 0 | AAM2: 0 | AAN2: 0 | AAO2: 0 | AAP2: 0 | AAQ2: 0 | AAR2: 0 | AAS2: 0
